cluster_id,node_id,free_storage,cpu_usage,memory_usage,latency,bandwidth,reliability,failure_rate,current_load,expert_score,rank
1,Node_9,412.0203140485313,73.32600021834423,78.26780778653708,73.34654611913766,806.2853328736727,95.08408776265456,2.614433772146805,88.36755820244673,0.6023913427027787,1
1,Node_7,984.6288700071436,27.780670435012894,17.98386186171148,17.33697802315666,931.667774648137,98.99162854117851,0.4195934774744563,25.70265280476278,0.5151490122733383,2
1,Node_2,897.1703644011728,6.802550683527956,37.456642453506305,19.36276735405451,919.0505136066367,99.91996471656445,0.9846803086227218,19.289174065749947,0.4911811646827521,3
1,Node_6,707.3080332215084,11.248364731324923,33.13074804713921,16.600205393560707,995.5009319361276,99.01860126536342,0.9302903904531405,23.49405689156148,0.43389533728476387,4
1,Node_1,716.3602268975499,24.58729318134893,27.20156976105173,12.040024900375446,804.7146238091511,98.84435448481649,1.1948186470177322,23.056623087297844,0.4166396750598026,5
1,Node_5,740.6934434165871,17.08585395552093,15.082196917620578,7.729389190512525,926.981360379368,98.1122103095167,1.8149467857118875,24.429019171461846,0.39565717902864217,6
1,Node_8,186.30236256434068,45.56868262786309,51.93239177715992,34.082255471535476,527.869273534192,98.70645085923194,1.138611547959135,28.028944619779438,0.3443260435918953,7
1,Node_4,168.63598472985893,43.443972336819456,51.93113878355956,31.366377111854295,773.1248480389369,96.56677962459136,2.632568197703152,22.209820846452153,0.33905303937776154,8
2,Node_6,409.07762676932435,72.80181735460697,62.54870367879159,56.84586004615596,591.4154631574879,98.42187814260006,2.2595978905394816,74.1717413320602,0.5672680653828623,1
2,Node_4,989.8100776824779,20.171094541225354,37.36611339819407,6.195086096961591,822.7849057917164,99.76595171040353,1.7890714503369285,6.966255579195822,0.5022470872769118,2
2,Node_5,415.28384790388884,78.45795300747352,70.63048367403199,36.36596797200016,593.0363721601832,95.21313262410564,3.307461789171899,72.41723665276292,0.4963028021785145,3
2,Node_3,757.2582156158668,25.452507757332754,33.32038478694097,19.305629666003753,816.9024185124576,99.51052850266682,1.112984299468353,29.61294801133665,0.47028149358722493,4
2,Node_7,882.4281262269162,20.882875905011748,13.465816523735127,16.305461613952417,893.8571537012805,99.38123707612039,0.4895527489889693,27.80460788471406,0.4670786410774285,5
2,Node_10,798.4990374206809,24.989137427402564,38.73148708690515,13.065337704184138,829.2307323806152,98.8396037803466,1.5700857858421193,19.88411943379611,0.46279319415898135,6
2,Node_9,245.20082012762822,59.3975364267478,33.41236368632276,27.42332064058706,716.0292098992641,98.84307745251131,1.0803504488319364,40.77493310471784,0.39554062267501333,7
2,Node_8,195.84032826742697,56.74979989139316,47.57767869393395,26.53416654939847,581.5985681866853,97.24040649339422,2.720580959449199,25.700990628300904,0.34544321803058664,8
2,Node_2,183.5874201252254,39.53849688073032,39.08820408151347,24.874121282199795,541.3135926930909,97.38833400518094,3.715280098505865,59.83976434741515,0.31501772305545567,9
3,Node_5,482.74445577240846,61.29500317280326,84.21678627727373,77.06488229446023,586.3895276642229,95.95659534022127,2.1033137817431817,66.74711338335227,0.573852576646279,1
3,Node_9,828.1259223560131,15.666714306537747,38.52375333059884,17.472718270877685,948.081992932935,99.62572396432034,0.49251311977636436,17.652747275871214,0.48237705177801293,2
3,Node_6,812.8270866814246,18.31199270742723,17.10847423298654,17.57582931004691,921.7745609952115,98.79513331798816,1.310035608743737,27.314851391032338,0.44998957044742594,3
3,Node_4,923.4955776180091,14.777703280043603,14.03128064453084,15.547798819002914,841.8174455948158,99.56467035817768,0.07907073817037324,8.073092180765805,0.44403932842692084,4
3,Node_3,203.65413120036044,50.49409706696251,69.19373951576733,30.139237301358893,761.1919287084831,97.87345220321629,1.8331431139845,53.360763187602664,0.4170276773505855,5
3,Node_1,704.543947481754,9.9909977501224,16.065143148699775,15.762421129712958,989.0864010617744,99.08181350457154,1.7678054829216399,8.191932481000581,0.40739493919422537,6
3,Node_10,229.6001695591046,55.25219548780653,39.667260989340704,13.47010327300725,564.7953209982925,96.35759292476908,1.502497955839513,27.216217315644858,0.28368094325086207,7
3,Node_8,157.76791563013936,28.925329254729803,38.17904902443858,14.937964756544858,637.1071955287591,98.12415901812585,3.524565520066868,30.50669444575575,0.2757308696559194,8
4,Node_8,486.0497374770715,68.2575503920728,83.2682711367735,56.6222775719008,756.4343276879274,98.18662187444451,4.32445004249867,69.30195825493878,0.644744235794281,1
4,Node_5,334.65701196546195,72.6826116565972,82.43403782810044,46.23057721731546,684.5817482371262,98.10035247641878,4.39707463934292,64.8597668585728,0.5752555220520226,2
4,Node_6,639.7687491618861,73.67682775543784,70.4435497242487,45.533549049629755,607.1801770188848,95.5039430640253,3.157215949687289,75.97901529260949,0.57478630825471,3
4,Node_1,415.3839704593355,81.46267183541107,89.51009684010332,31.776467643733806,597.6170270956475,97.19651575961902,2.643313128086871,74.88211089577041,0.5525872759196107,4
4,Node_9,814.1864926849099,13.59513639730124,22.098476949369797,7.382346026377924,811.6896927183793,99.38806458917513,0.7823180189967025,26.35347513997212,0.41343569070579655,5
4,Node_10,772.4700580375744,7.496027434133088,26.59718918347831,8.17860766665181,895.2187593356327,98.78599671345984,1.10330658411902,8.605318408033469,0.3907400824586178,6
4,Node_4,860.8195337787901,8.58163866194701,24.756731077955397,10.672708541387586,733.7009636183054,99.16134447904427,0.10542715426606386,7.549701942505989,0.39040377681219923,7
5,Node_2,482.85036230676724,87.05942230220955,85.31461446964187,57.92963441102392,520.22577462007,95.81945923939897,1.8755292318211132,85.6884941123972,0.5887131789378685,1
5,Node_4,910.4832316032649,18.680478178504465,36.73449743396092,13.139999233731753,873.5460803213537,98.65870279136357,0.4599112761482824,13.033672352908141,0.4663940804958714,2
5,Node_8,930.3981395209968,7.925674346041146,39.1642447250246,15.76342255218669,761.4813674564407,98.49645620741224,1.2961900941004814,17.278426845063848,0.4451090673369365,3
5,Node_7,953.6832097940858,8.88277312937689,22.966391755000522,8.644806373975879,824.4860062214188,98.33489289515786,1.553239426568714,17.23817132164295,0.42903711605644634,4
5,Node_6,955.6454243838533,9.424646635461425,31.611953152508505,10.098649848552498,796.1102265117504,98.26148871853474,0.8047971086005588,13.029217045061705,0.42848086644575156,5
5,Node_3,224.50718052063516,54.277293677967585,54.1201795349363,24.606426815720187,712.5342662035443,98.1604984000091,2.656944447906791,31.8960644067605,0.3952642178849228,6
5,Node_10,239.1389836171661,22.569912553697556,32.4198127934159,22.653076703087734,400.8144542747564,98.02512406334968,3.421976183232081,59.943289239867866,0.2664069222448531,7
6,Node_7,445.76714274110645,70.58048128513155,89.21741031702912,42.68051732190732,697.4891807990845,95.01024157050739,1.766856532407055,87.39188718085435,0.5293918264585744,1
6,Node_1,924.5227717975702,29.953241675661037,29.42091239947427,19.25233052238911,775.9405636905512,98.73010048596367,0.17199163663925798,29.736645829580876,0.48998782070655134,2
6,Node_8,721.7698696528867,26.327422454473545,25.555819518502894,8.174614038628652,895.2054763722508,98.57244081392193,1.5024529907665238,26.60394666222539,0.42691191211606644,3
6,Node_3,206.49880779012415,44.983084225495844,37.07391614726877,33.936237673443,744.4097045763705,97.95186249590695,3.5811570259119914,38.47086528927831,0.3809945337411392,4
6,Node_10,183.1441963284757,30.068467368200274,39.58683493589156,16.92525476270012,547.6800388275205,98.28821495807024,3.5335211285290473,34.75668451707854,0.2818817101988343,5
6,Node_5,216.5248638952735,21.543429210919086,59.81791652291127,14.513335687560069,570.8732984056988,96.11450138004196,2.922581492491044,51.38368549776277,0.2561937005605008,6
7,Node_1,695.5810620185669,76.88972223605987,71.70139415239768,78.14611247115272,701.9818285364028,96.36958736356476,2.8886340477286208,71.50838391679228,0.6921705845098485,1
7,Node_10,576.8111579836743,69.49284238074816,61.575691545972845,65.53532258922783,605.2238546545377,98.73900526089552,2.9998247563607676,70.21310418150881,0.6365170618883843,2
7,Node_7,611.3434157756408,66.89072299187102,83.5018943521923,44.27612419479913,801.6497224416596,95.39893342711524,2.584604596262538,70.19312770566252,0.5869891332200271,3
7,Node_6,680.5326486164736,69.9656194346943,67.00668911696576,42.784408665396505,845.8669126131733,95.14266271562907,1.9552198835563468,61.64548301454702,0.5806406090115412,4
7,Node_9,321.1286839667106,88.64151116646765,60.90745565065744,27.9372837912644,507.3764915366809,98.55787452924487,1.1358775982647278,84.31185151850467,0.5012780346182479,5
7,Node_4,598.4644693328851,64.02050067450077,67.64227133125556,28.125881028225105,641.3382325148112,95.87950999893711,1.717365346618549,72.34363202059592,0.5003236430762723,6
7,Node_2,959.0550584275747,20.695933182077557,37.744956668700794,16.688951436755154,709.7993732599834,99.51832086669582,1.558619905555219,15.803551080221094,0.4951531734323624,7
7,Node_3,855.7232176301816,15.513955483894149,23.65414854445728,14.445524119219664,790.9763796152799,99.5386846599685,0.21239999248079888,12.294894376171573,0.43135933760509043,8
7,Node_8,770.0670447458281,8.41546004734128,28.325775869593798,9.231392024139708,819.1118501048846,99.07478224944362,0.05065770252863322,21.18476820215563,0.3859353846749304,9
7,Node_5,228.04870634908232,23.731344763969947,33.51762311425092,17.136714774677696,541.7933285969964,97.09541929370582,2.932570233083582,53.2878941792666,0.25255767164089143,10
8,Node_5,997.2656544099937,14.379793755654022,17.583859540172742,8.145852394470406,938.4818307901206,99.55232540256182,1.5707770982115468,20.537374108166652,0.4909891002324063,1
8,Node_7,786.193469212157,17.42680928017267,36.29714903176301,14.136827609394407,812.8516291250148,98.88209334291298,1.8076114777562744,11.718577761834982,0.4376286499365976,2
8,Node_9,732.3356601209426,17.79134566946684,27.233606849998516,7.7576382364923875,983.2181889347208,98.9173880217741,0.5241945455742549,28.856027771201273,0.4251773782544609,3
8,Node_1,190.1281572229139,38.43997359367283,57.66796375613558,32.43085271368162,586.7339922502695,97.88491499021316,2.2557125211001647,45.65700958305521,0.34775829638462225,4
8,Node_2,210.23204122536117,48.55804140944433,57.325898321642995,10.740105735705313,568.5586514107351,98.90005808324904,2.3287191060911883,32.81346749037593,0.3428866310793872,5
8,Node_10,174.26601670850465,30.73013653571931,68.97049393159406,31.443108642523832,677.2125170122781,97.04914716721898,1.0697362635698968,25.11164079540091,0.3134623908997376,6
9,Node_1,605.4935162038962,85.192659371297,75.591861841551,39.60506799115909,878.0549018747759,96.3707144937902,1.5072279656945695,72.88367407200887,0.6296962773845499,1
9,Node_4,886.2297521191095,25.675400731545178,26.151405951041873,17.102148258688246,736.5816594631457,99.76708420575474,0.22108877198439814,28.71763912247494,0.47556202353953664,2
9,Node_8,873.6930617238272,13.628098441327465,25.399743107774853,12.883813963423334,840.1454688562878,99.86395847754837,1.6497214615592601,28.720965588516727,0.4694178747962511,3
9,Node_9,936.3708999825717,10.146051360076884,27.781787932673918,12.99353438933472,811.4847610818481,99.85155048597056,1.9713578613038345,7.425699892229662,0.46864821627606,4
9,Node_7,978.3516040856341,16.44390699434712,24.467290555220934,17.547816392267848,728.7736081577232,98.09604694002105,0.601556549331254,12.756036891112641,0.4396382221382039,5
9,Node_10,787.3951385571128,5.094976449578116,31.63018414307785,16.67843701498819,882.9985484790711,99.79881209463343,1.3081797752994004,10.895275864380947,0.4343817080128037,6
9,Node_2,163.69028090809815,39.01011469037479,53.62824418850877,26.421649000127413,459.3420548675419,98.7307688020753,2.671771515722252,53.4522897706517,0.3287897530159875,7
9,Node_3,183.81798463631796,23.732247156899714,50.545844219990464,11.65883127962026,452.0955996626105,96.62299983910626,1.0760505572589212,44.92602603381033,0.20299418512136033,8
10,Node_6,335.3977506834745,83.47989255828014,64.66008690847576,67.9729888458239,833.2004976915778,98.31947399005035,4.234943804784059,84.2308670988784,0.6590152608323177,1
10,Node_1,312.5162201106216,80.25318174837994,77.83908192969794,52.073160798676874,539.0078808687284,96.25810092610773,2.8895266042980037,69.00788425787644,0.5179919505564583,2
10,Node_5,977.1200488901698,28.65088401245931,33.20220152684203,7.031277543591587,820.443436014011,99.9300971195874,0.5493354584185206,19.13310792834823,0.5112882146535989,3
10,Node_3,975.0943111138406,22.694993792246954,31.58090628541267,18.953841232172422,849.9353259625696,99.03225960767752,0.16579259770097798,9.084830733739686,0.4968494663674589,4
10,Node_2,888.3824194105283,24.682609420870296,36.45951670095175,6.312179783275569,742.8092212402795,98.16785647101796,1.2442039270904448,16.44252702213322,0.43772400234676134,5
10,Node_4,157.66487507245378,52.733496435356884,46.072757447640406,33.90993960153925,534.2163661280629,98.03142586027454,2.451003529033603,41.82237091970296,0.352968102972776,6
10,Node_10,216.84811709981187,21.81957952495146,55.42725898311219,17.646831443310056,678.6109892024983,96.68412406375327,3.482876986426983,46.00731194917536,0.2896406462879771,7
10,Node_8,179.72932608624666,28.767024699281784,52.814589930940656,19.00579843060033,680.0984431463742,96.6540044082684,1.674267066638587,59.444485195411524,0.28324524865083833,8
11,Node_4,646.7837760545058,67.39411701729965,78.02242980100635,57.22078958657341,854.0694575916752,98.71081922838314,1.344494195508485,72.90785406447075,0.6810737470796108,1
11,Node_8,486.4333749445357,72.52253708738233,89.06965783807371,63.36193304908163,531.432386914541,95.20136806544633,2.904949394124537,69.83496148282137,0.5639553010786946,2
11,Node_3,956.5031241378696,17.66337146810602,39.06972714308612,15.26382588928913,759.2920708371378,99.77310837196374,1.1515258976504192,20.62177236926091,0.4984613713241933,3
11,Node_2,816.5000119650464,8.765236715868927,16.585241776067782,10.532321828836993,758.5260286118543,99.06435144452323,0.5076348274798965,20.233366532190825,0.38127186635510335,4
11,Node_6,235.40220265142437,47.78770172244467,36.619284949060656,33.16247593073028,771.446890650263,97.32396209885201,2.8515298592283607,21.15509109194289,0.3681719688962839,5
11,Node_9,209.05217121259716,30.00812229869591,42.17228451015038,38.02996242008203,712.0686953389695,98.31061203329848,1.3311346695547415,48.735351141713124,0.34797360925297255,6
11,Node_5,225.3724375995713,54.61306549288328,62.4981791124988,11.42160766157192,529.1452319334095,97.34006718396623,2.8395469299965677,36.64452061157831,0.33784418050579085,7
11,Node_1,167.445218891158,47.47597396172723,37.718317145090516,17.839203012549426,589.3899379947471,96.91068847317622,1.7879895567108761,47.45842032612315,0.28469880471878145,8
11,Node_10,157.0602722100118,35.86836021836845,32.39573660642734,32.045703003002,569.390279149047,96.35124281136494,2.941266057688461,50.394360473218626,0.2764208275662285,9
12,Node_1,652.9818556887578,64.49954200278361,83.94784351025268,27.75085020860994,598.5102250357169,98.12608983942903,3.115256273786401,63.221624863279416,0.5828685244589847,1
12,Node_5,985.9846742166626,17.208799220171855,24.23765851710473,14.448308609088947,971.4365275378351,99.1079851896124,1.3113647234119175,12.377721670932125,0.5045427157916491,2
12,Node_10,771.7083579471409,18.71565689022663,24.837047070685948,12.801122802828619,938.3931276628318,98.60960965480257,0.0930543086743083,21.557523229470036,0.4232669951061405,3
12,Node_7,245.67731570282618,20.27436182570497,53.94012619352504,17.101419145501698,673.5787050005463,98.74221373865325,2.4943245900854873,29.827577953392073,0.3127140137111567,4
13,Node_1,366.3179456052334,65.3400734006385,75.57142171884314,39.832434626791525,757.0334361542339,98.4464142919109,4.009199610940135,82.09949208772719,0.5710543113159608,1
13,Node_2,970.5688791388145,17.562155788003462,18.059285736422623,19.685337499578367,815.8876117116814,99.34715385237894,0.39536839842869775,5.578139411426901,0.469717924116191,2
13,Node_6,816.4647969157716,10.567872328829633,38.898047583981125,7.127429190516742,968.2831530422588,99.06739252901232,1.1570914071301137,15.782620687215843,0.44539143494205624,3
13,Node_8,171.4187242323997,43.62856722047583,50.572644384044004,16.042823103944794,730.7063761734557,97.2159205425244,1.4483022193079464,23.158449523529562,0.3024884366057729,4
13,Node_10,223.93776453035395,26.922569160021773,49.673417055578966,17.966640620075772,518.447805386108,97.84226819502878,1.1137231685764029,38.89565838262603,0.2652238475369218,5
14,Node_8,672.7298908062226,74.31384678450885,89.37934998339054,50.71694622736722,851.5670810492472,98.85130352434224,3.8201927773586837,76.78136801511437,0.7341482031227573,1
14,Node_1,584.6620615275037,70.55274474472436,75.66059128286985,60.97208145647922,663.1383696398237,96.72118799181311,2.486106018885275,77.73338581889563,0.6178696700713785,2
14,Node_4,415.78342493443955,73.70654489340276,77.16359956321685,45.94863006667901,861.1022842526967,96.57172376034856,2.708655135356868,86.88955880254395,0.587116195103021,3
14,Node_2,316.75304839357875,88.38897698183035,79.74730261729053,57.87846974029554,597.8577104520862,98.24375933525359,1.0354526404855147,72.36628308737735,0.5840907966105279,4
14,Node_10,454.85248643026785,81.86136259468064,75.57582131859863,57.92413431081309,617.5601510942552,95.5344501239559,2.6768045197273085,82.93444439217664,0.5742051947875488,5
14,Node_7,932.5827419352743,11.859395157881155,14.15083477965983,11.020700928096332,792.1342889466908,99.80730274957651,0.3742187606933707,16.30721632325702,0.4352717738216903,6
14,Node_9,185.7143206815445,50.9165097535717,33.94550729025673,34.20637884183146,533.5452684607071,96.33030919879849,1.7396865040112945,21.151866571846888,0.28942471662652103,7
15,Node_5,431.39458246869833,75.03908048495485,62.0492266816926,57.28928203936065,844.1115922830342,96.35315983959354,3.587692878460397,68.35560861475925,0.5894928338261107,1
15,Node_1,395.53131744458915,74.87166349498466,73.66872857005325,65.85931839190113,802.0130573772749,95.85209755853053,2.7895295502420794,65.49270911155713,0.5842134269621628,2
15,Node_7,939.8692083553403,18.15985980338693,38.84560491115519,7.023980804372466,765.9977097650326,99.69246438941691,1.024157041241568,23.453413050130642,0.4779884755989197,3
15,Node_2,855.558106230391,12.300520651128604,32.41445920446445,19.808942296126148,871.4330208716908,98.24272962380809,0.0662572002919315,19.61325127899309,0.4359443971103641,4
15,Node_6,859.2318066645055,16.764953231681226,31.783601568487885,9.58138101222292,807.4463133810101,98.09882638027022,0.6632719864709291,5.961477851763543,0.4104854493024163,5
15,Node_8,803.22848542179,13.154231483589141,20.9412842639748,17.399133758744455,839.5984146972074,98.34128050884772,0.1585485047093107,7.419681041050928,0.39495839812454087,6
15,Node_10,236.58595184769197,39.17684423347937,35.707388171325654,37.68669682903305,460.96969252481597,97.88611578461796,2.4341058137762475,35.96676910180093,0.3208254636562388,7
15,Node_4,206.09470005173722,32.894954554766386,47.05075438962363,20.575320581447087,674.4427831567642,97.33453223720298,2.529168206010657,54.70006801871454,0.3142575616266887,8
16,Node_8,560.8460516539435,66.93101825238182,89.93865477607324,44.36877110379258,772.2789067139685,98.0722342881508,3.9845372260763248,88.17703091199044,0.6538441419029448,1
16,Node_2,691.3285769628014,72.30763329307156,67.89512299054013,47.67506945568027,618.4373160434446,98.01738500659167,1.5841181637572115,81.79728064655205,0.626809756148537,2
16,Node_7,541.5559673915054,77.20117490476032,74.17117756260818,28.66425763319547,697.6860827241908,96.08542904919975,3.280437795606705,77.2590719349626,0.5549152128636097,3
16,Node_4,388.8138991296295,69.21777020484384,73.5739302410876,21.086420304148778,878.6742460919376,98.6016685945575,3.480076278747854,60.0048192857836,0.5517439011424827,4
16,Node_10,995.5144073492661,8.254256829757857,30.58047932666814,19.804991397205363,834.4727572892186,99.05276816943504,1.272008433471416,9.091943099117316,0.47978214149813164,5
16,Node_9,957.4984841115557,6.1118186330580455,10.784627880654089,18.967171920175986,758.1887576330996,99.94054263061527,1.934873128167988,12.745336324669896,0.45174053491993815,6
16,Node_6,757.1042054789829,11.101773956618656,22.023569891599056,15.32215694118391,724.98554298204,98.77666514707107,1.7385577547933075,15.016929244222133,0.3844103182388879,7
17,Node_5,592.22068058407,89.90247605917227,65.03122887203489,75.14634302933644,761.0344716791436,97.59021489992377,3.8995187907146325,69.24374137838323,0.7211447232825883,1
17,Node_6,806.7141543954108,19.13837522940483,39.931966299107025,10.094442072646622,962.9160069481666,98.9746569035418,1.6459078880602782,17.309699162501254,0.4719422141718802,2
17,Node_4,930.1868945875755,15.47712909797816,10.235179374450144,6.7600043060916555,904.244339275689,98.83452664930003,1.1297139134447496,26.05584963852459,0.4414300522323228,3
17,Node_9,926.5763593526744,5.464174069874993,20.42150078268883,14.239682443310254,905.9620050676729,98.78856632370362,1.0324138260903741,17.61368110541546,0.43957234925637684,4
17,Node_1,858.8059099446493,8.908485240497539,15.005522660552124,13.66801155184468,993.2277860061798,98.71246038084887,1.6526861047917296,15.805455017731793,0.4387082655131078,5
17,Node_7,808.4510902563239,22.260439509130702,12.583838744885163,10.949923352021948,739.9206169148811,99.98782912154967,0.2726655198219867,26.739929074908392,0.4214925590499511,6
17,Node_3,204.6572019028206,41.47733869491029,44.989233162824206,12.113227663746311,612.917610223385,98.74796332772895,3.8305339725711693,44.96513728362592,0.3390489231066986,7
17,Node_10,222.68898066308753,24.452018594139066,53.66020750305371,35.52863534628759,564.7320359795307,98.75289517438631,1.9388087530801008,22.1918818243228,0.3243918862711873,8
17,Node_8,212.01728224359846,32.24492838123355,39.093146255941335,26.626696728829042,536.6218924987788,97.52932792586856,3.33246609505433,37.581704691059954,0.29606250523851424,9
17,Node_2,163.81113276575869,27.22024561875211,36.6686720067176,23.219273630947157,554.428754329558,96.67720160047298,3.8999972913064758,47.90249221351513,0.2589948740651882,10
18,Node_7,391.62460455981466,89.05091472723493,81.6115022073367,59.700538874527126,581.4690834903635,98.34855652871671,1.638842005346615,70.47406116482188,0.6166809769142355,1
18,Node_10,399.8605163885539,78.26098022320136,66.79475044843706,67.89376832376975,518.6667912726851,98.9877268676072,1.7285711050345132,63.352451690536284,0.5921138165324772,2
18,Node_2,516.5661567401505,85.42780874951112,73.96859151257956,28.02933550295034,512.5583269549,96.89117770686343,1.710592465969536,84.44434098483922,0.5382856405488274,3
18,Node_5,311.8009243746975,75.99195389248072,66.93454817777675,23.727861170156682,606.1384736108508,98.97478026541921,3.0913459864943205,78.9786673795642,0.511082132302579,4
18,Node_6,903.7978414741577,13.6803834353509,17.15065844441861,14.403431670492276,903.7688953406611,99.27272681397129,1.9443676386390942,22.84063204676649,0.46908326302201747,5
18,Node_3,901.697586352245,17.320237225744556,27.64518672780481,10.005423986014346,875.7063315189654,98.03849077785924,0.6554650687922445,7.994743423251195,0.4304120114924705,6
18,Node_8,231.37419926176077,58.265543559839834,56.32801141019782,29.23186042689678,792.2071242441043,97.35929164381228,3.166463923305148,25.3246012601808,0.41674421411675566,7
18,Node_1,710.7309983656938,19.21843536732912,17.174614439460147,5.673419482233824,849.1434040989941,98.99600209670149,1.7981693294475742,7.741356748299859,0.38584107481461033,8
18,Node_9,214.1465918694542,34.764346504964834,43.21428709656632,29.347263241096883,696.489546346163,98.54547274796907,3.6507940806594625,44.35267158305309,0.36675767969748246,9
19,Node_9,397.4691069793951,82.97282332953675,85.1934473180226,45.7971794540133,780.4127784624593,96.50395237170665,4.177423719335573,65.65972950408347,0.6004446803778578,1
19,Node_1,653.4590525778094,69.06044739703628,64.1993895553143,20.294404811793015,502.8805072566509,97.32738530751152,4.481472230724659,79.18311803889756,0.5441552450768408,2
19,Node_5,879.854012597007,28.977062284320787,21.4891701638921,9.840631270328952,835.1711950748635,99.42997180423535,0.9684552364300121,17.60933542662238,0.4717689077972346,3
19,Node_4,948.052395040034,27.846089745430696,23.95501732186569,18.05023218911907,789.1239022737215,98.08186121634668,0.25876734631581333,8.572774577651783,0.4609471903548331,4
19,Node_6,811.0838302526149,20.696386296194795,32.38625071879591,10.315108157954297,867.5759079910398,99.2229900500537,1.3314180842336794,21.48427350444374,0.45587840389828216,5
19,Node_2,749.5610402924754,26.008962837379404,20.828206022981796,16.892853682800727,885.3262011504509,98.91004644257536,1.3125526665635614,28.55405946809285,0.44974091558312906,6
19,Node_7,222.20319325930654,51.32664445616716,43.80691350599975,22.008321712005003,427.8232932925851,98.52437374784127,2.5657450526830665,30.300251054961404,0.32800655162186504,7
19,Node_10,213.94073742074085,25.027825409877597,44.81926670088077,11.111420535608124,423.29181545988587,98.48468350834561,2.9622638571007576,58.13702550907007,0.26462225568352404,8
20,Node_8,529.407103488559,86.13884579938905,87.78981293352973,53.44126023653235,598.3466965522316,97.32675491848256,1.2762311338990568,85.99802647853113,0.6310621798964167,1
20,Node_3,677.0598029667458,78.44207303275041,75.78451585916733,25.699995963939447,509.45171955821576,95.70666963378552,2.236615768712231,77.77947560382857,0.5423041788289307,2
20,Node_6,389.88441540141207,71.82579954316981,80.27442910128548,43.03619167390118,528.3390169536889,98.2613647644911,1.7430576180649933,68.70825109826497,0.5323818256714128,3
20,Node_2,969.1715548750501,6.991073047496927,36.808680324787275,17.09175757911425,763.2878163791288,99.25767816981003,1.9812735972227966,12.08489741298321,0.4730058382405493,4
20,Node_1,804.8989961961545,12.738951560613945,21.812935253718845,9.953148632927547,850.405392705523,99.95954864842749,1.224335875899409,28.097365184599465,0.43700917991431937,5
20,Node_5,811.7384089236521,28.192887271402295,20.86317628985584,9.148957820610827,782.2050509282811,99.4881589846358,0.4018820443698101,10.068750818316012,0.4314205637200865,6
20,Node_7,939.9530801568172,15.669647612388172,30.155083480053083,14.876331251043412,728.7392748226272,98.06658799099756,0.7504276806294312,11.769358325311028,0.4293638153117656,7
20,Node_4,249.45271624643775,51.31333406186249,65.50717269732218,30.423075474722356,518.5580771815573,98.23390286607541,2.788678540084882,56.08081899892649,0.40536603539015587,8
20,Node_10,234.4838518817171,24.068240260613734,66.38108916722837,13.830348844586728,447.5788940333209,96.42933392255267,3.7736480660174543,29.608505801596927,0.25579191881216284,9
21,Node_8,482.2730326052922,87.48566415606928,73.72571833526038,23.83942846984221,874.8083133541317,98.93884292770721,2.7082942368396874,66.98666133114367,0.6262559881503602,1
21,Node_10,199.59153791959028,48.27896006184779,67.67809398714351,27.70740102870566,596.3347895384995,96.47693661109876,1.0846358768773845,50.17332674020187,0.3395560509814998,2
21,Node_1,170.18666259552464,49.964807552636046,44.169291566419844,14.651912490006906,743.4248779853408,98.38811557368982,1.8588811091166653,28.18239496243625,0.33790123970652663,3
21,Node_4,177.61519841307415,20.652256429873354,51.60374894169612,30.774227367606358,560.8170063020887,97.82234499751203,3.838730314198381,37.77168536484608,0.29973923966094795,4
21,Node_3,192.96413524475616,24.811568828710605,61.21010311395784,18.670906852224526,679.7862534451534,96.29810591920337,3.194888114460119,34.02243768938743,0.28186914027009485,5
22,Node_4,669.2997518435083,67.42051682797974,74.61525810642141,63.61395654462831,517.618521320874,97.1873447180664,1.3566857020947451,75.61638983830998,0.6109962312535839,1
22,Node_9,364.9944057757714,77.21161326666002,75.86810803813611,40.28515519266229,733.9443276691695,98.85111240409799,1.7860025818761955,77.46514453727933,0.5777833297740254,2
22,Node_5,665.5939063256814,72.22545392689813,66.74573988639006,20.429886551293837,617.2265641719982,97.87557607484649,2.826977668996412,85.51608158307837,0.575008145983642,3
22,Node_2,858.7296921515308,29.955639962665597,23.161549691285337,18.14713790164184,941.1362212486065,99.26082452631334,1.435094228387687,9.634334451863836,0.5012928717013527,4
22,Node_6,959.839618247444,19.081815276107324,38.43406887423882,14.873978826272827,723.1556036114943,98.93530607502248,1.0557116268938282,15.572147855651263,0.47442372549653816,5
22,Node_8,742.1683459535948,17.988376538074235,35.79391160963138,18.03826057859798,830.3487254204542,99.52142192873379,0.48407982768116153,8.338244103796633,0.43441067022018215,6
22,Node_10,190.65217068215338,42.372744805924114,48.96402876241136,27.24921638455007,638.6950317222728,98.15081414226006,3.909129513065184,23.57095589440318,0.3536424522401108,7
22,Node_1,239.86164686238595,59.907106370260614,34.914735973822275,24.157002870987895,577.672143922771,96.5342442359225,3.5554847519245842,37.66451081104786,0.34432238178034646,8
23,Node_7,681.7327306402337,89.53849622216683,74.14597912226125,56.77012827606458,797.1176635305832,98.99214807596532,2.127570162984973,86.46653590668237,0.7457426075900236,1
23,Node_5,315.2523171520153,88.97908741590528,63.99511654201877,34.36065745679301,662.4969623082688,97.98109421714138,3.7075309438385613,67.6933601343381,0.5479040471870158,2
23,Node_8,807.1627532105821,12.682892243358769,30.314689652393273,17.188739321152582,917.736198664213,99.92172584296681,1.786835465181731,14.45248947620459,0.4711216536935028,3
23,Node_1,744.0622619755729,14.513465928264317,25.725132666831513,13.171971518101579,902.7270962965143,99.44905467622914,0.703208487254066,12.07283393606758,0.4197779581145691,4
23,Node_9,233.84581159174598,35.82889112360651,43.21296731623697,37.031598117037504,456.460919287769,98.92129353518986,2.970779332533032,26.21534519041315,0.3405975645568559,5
23,Node_4,195.39351524434608,49.33139919842942,51.775696227445415,33.89282184384861,521.1301731790741,96.44886565841982,2.8466688303814633,36.45966776158303,0.3301276399615461,6
24,Node_1,835.3508895174893,28.362909714677393,31.953365308079988,19.893492227745845,744.1045167825196,99.89091010970327,0.7785469565490755,6.946091820372348,0.47744599089047146,1
24,Node_4,780.3972889924252,19.340549209080358,33.74089014834058,14.740239037671222,907.7089545488292,99.56063572679182,0.3577684956978775,10.35281103521278,0.4524060673271364,2
24,Node_10,777.4428690207316,11.247271353439626,26.467994302509542,8.444250764772185,867.0547593162628,98.50731772273022,0.40657947332756206,19.40544438926156,0.3895925281001528,3
24,Node_9,170.75005398959337,36.2113101017227,51.35088472431154,14.150970280046218,639.7114229510984,97.76759370854498,1.7959974757335178,32.1608346852279,0.2873549114894082,4
24,Node_2,179.16736111737174,49.679456832374605,33.67937496146021,16.927223084611416,645.4922794712253,96.53796189863107,1.0902002137804425,31.43671391520853,0.2719959636730074,5
25,Node_5,416.79455753540503,61.42435021883217,68.82069662077927,46.81376817409709,733.4367938155721,95.95528072169368,1.7450868323369249,83.2058748636221,0.5061163302432583,1
25,Node_7,973.4117598489747,22.73737306638013,22.247216880218005,14.182132008208928,959.2951583788824,98.40683649453607,0.12014976805501965,23.850896571930946,0.48873085506329716,2
25,Node_1,890.7940411942498,12.040544446914119,35.618542742986094,5.425959421427967,766.6481901766998,98.56334876851949,0.3983545503348769,21.076225254824863,0.4134755518634473,3
25,Node_9,774.9237115596911,7.739055740404117,28.05400096743033,7.3562087584365,993.3363440412268,98.27642403073851,0.3776708699221265,20.91245491705215,0.3978803507461981,4
25,Node_10,180.1754069450253,41.45539627453424,45.776086342470606,23.934610060021257,644.7918280087151,98.79114993359335,3.202177084776319,47.958682727443886,0.3583816085125987,5
25,Node_3,197.3878415555722,40.83870510124763,42.10166307202997,18.05802300464549,513.7538164907501,98.04184487961992,1.2790862961659057,53.84617570674175,0.2926603642015766,6
25,Node_2,169.43622758806856,26.100507001887443,59.15151565752251,19.34105045394271,411.71641983441447,97.98439675132684,3.5519608507953464,35.87885512774137,0.2706145517251954,7
26,Node_1,467.4981120324202,87.85919333145146,88.05805362677955,48.32948460741551,818.0167119576046,95.16294003848651,2.69224063044555,66.50626790285183,0.6044666937847962,1
26,Node_4,438.0339777498021,65.2544337245718,68.95597318717338,35.33539925258215,681.2840852608779,96.12659382792174,1.3106082973496918,70.59067798949474,0.4811207397104773,2
26,Node_10,843.2258601500083,20.990872588324315,37.89834965268409,11.729900013735158,847.266047757763,99.22060857765736,1.5123710650840518,12.64344881682438,0.46864622128201017,3
26,Node_6,850.8968459626975,16.955073690948424,12.522538247452012,14.96988217219236,975.4707576606143,98.49364135727417,0.6565878725598726,14.953002327210045,0.4361221693417468,4
27,Node_10,346.8581604738608,62.74652187923905,66.16163346912897,67.43639638774462,506.4338102662113,95.68058511536847,1.6319054811962146,73.72887652179455,0.4778245847065346,1
27,Node_9,195.43713126426377,40.18734264718688,45.51920941084825,34.38571952858155,697.1571871164913,98.95110256095124,1.1725101327420466,22.772312653084583,0.3580217172610083,2
27,Node_4,217.30007119685317,46.298561338780004,46.04482223256991,28.52369996011531,422.2356981573525,98.33928880641675,2.6993946178330908,59.07993055981879,0.34399143944014837,3
27,Node_7,222.91745482956685,39.59731401389605,44.24105674544805,25.901762374511186,522.7402186513016,98.84302034235043,2.0101407502788318,25.64947754709111,0.3245219525933234,4
28,Node_6,400.9303346454926,78.98808236464603,79.73811857738097,37.000770219668595,545.8559311186139,97.87406627134511,2.03854213890738,76.20409577464946,0.5409178087501307,1
28,Node_9,817.8573332312931,27.947836373731636,10.459138603717976,10.024812578324589,946.5171702481699,98.63316519840366,1.3354113057216173,11.684331281527477,0.4418406845846702,2
28,Node_10,852.205545187526,18.710188498425254,13.444326562347294,15.762737484764376,727.6397805056201,99.95625955509433,0.9714506060064623,18.079549886207374,0.4359566973485017,3
28,Node_1,777.5298898327587,12.45152000383382,20.233822779497505,19.345088285678045,938.954947409428,98.69741766012966,1.656913341538529,16.02617499576096,0.4327130995249865,4
28,Node_3,809.0865511881079,14.644420413253622,35.04671692772446,11.975138911802292,823.2412416285445,98.63382012468384,0.5531327968081052,21.14794965464822,0.42137822632850686,5
28,Node_5,874.9068324742076,6.719164170722931,10.089190358126922,17.913537461972968,704.9078179929598,99.82416694934676,1.2447241201553336,29.99489091511941,0.41864542596731696,6
28,Node_2,184.34937519002744,55.37803553674453,54.059566980950926,30.32285621280939,707.0181505498663,98.07278417244645,3.8756226741153696,45.06420354895553,0.4147412360396163,7
28,Node_4,758.0704493829843,7.5074306594166895,25.187724464018718,11.893173542342737,829.9750967778089,98.04668356151289,0.10182808144313316,11.46894646401719,0.3583487451685752,8
28,Node_7,167.27241759520317,58.0749948911511,51.372548385454635,19.59061981269888,602.2260739817839,98.00563109427169,1.8114840057355392,41.76370533670247,0.34988422921302953,9
29,Node_10,337.83565802792737,60.42746321100369,72.1085702433156,60.67847402171332,780.3810100051587,95.3078002789175,4.063081160341432,86.79116966459789,0.5338534527649598,1
29,Node_4,596.6093629147858,81.18607752062593,63.53024434045443,28.665417510547027,541.2033448852249,95.34342207122597,3.7992105370612212,82.21945967719975,0.5327872176210514,2
29,Node_2,765.7855654203203,14.767494889188367,25.592581903533013,16.2833572645389,912.6594629551228,98.66237556694766,1.4525264359786938,17.655089287752283,0.4289500456301246,3
29,Node_9,225.20492141176425,37.916424219016704,42.123180997482876,33.462540201924426,559.8804031800668,97.61901907097618,2.554194394346695,43.17145908806272,0.33078123624926614,4
29,Node_1,188.49264560604803,47.57471121159721,58.627966741226196,24.60915190893364,461.0904946286001,97.89579782410443,1.1197745188589079,47.315481935714345,0.3219990739004707,5
29,Node_7,212.9338767137108,33.934136104256226,42.52832291699899,16.996321732186168,628.3583537828624,98.78299188405731,1.6192646024929331,39.161620934726415,0.3092125362852885,6
29,Node_8,194.51804514825878,42.646499765132084,53.656753322732925,30.30017845028994,563.9582877999495,96.24225031048458,1.3553992177283334,46.4899949290238,0.3038605763318967,7
29,Node_6,196.52646100134876,51.63673207957402,33.12634872631978,17.204380403259506,468.86313442853617,97.71196030252628,2.462446926435784,29.99312318080866,0.2879927177672688,8
30,Node_4,329.45064862989904,88.98459760727904,83.37491928976705,50.75497364650219,826.073739357453,97.24172216524964,2.8396615350320142,81.68418481652556,0.6204430002648746,1
30,Node_5,619.2467958196512,75.14996467353927,60.01029681391431,52.247381808954,667.3778071624924,95.6430993732318,1.7793018921225374,88.08160997466888,0.578506090314162,2
30,Node_1,354.15845819720477,83.36416386810549,75.42317675301813,38.49730263557058,511.38299841030425,97.36581292231389,4.41979937056085,83.648850011286,0.5472876250895233,3
30,Node_10,841.9070822773704,20.124046476786148,26.397941005180062,11.35236118259034,897.0035696983589,99.06418889634857,1.3825691391935153,14.550746037670201,0.45614580904778873,4
30,Node_8,150.6677987451769,38.15591334226714,31.137580686670244,10.238126918397153,647.6867203436622,96.67188135021162,3.305189406925561,21.672966525000703,0.24168582597404034,5
31,Node_2,356.31947547321096,82.89374996299969,82.86562435180599,47.13935565720701,635.912769193701,97.83247268430573,1.091875420925458,89.80212482834027,0.5736571125245711,1
31,Node_3,955.6512475212623,23.85587211906902,10.885530534836082,18.76426891219422,851.4053509609541,99.1578167166493,1.3852540095201549,7.7335985074667475,0.4819800565503766,2
31,Node_5,386.8236182782572,75.72235183729818,81.30720175941802,21.15417372493389,515.6348111242905,96.24312262439511,3.8756585386795495,63.40505120761806,0.47361511587563054,3
31,Node_1,949.2889412137423,6.673757501995299,32.38375831996022,9.796880713100087,954.440383062684,98.94786604515177,0.8809422480557645,24.348901051128696,0.46812937859018033,4
31,Node_7,706.2057284873267,26.271398273259678,34.37608873522069,5.762737202431073,947.5121740676143,98.66886424232499,0.6099599350171596,22.69600261735143,0.4282158651729692,5
31,Node_9,705.1432326971569,24.46570353372715,33.72434785279762,9.881301142133761,711.0397904118313,99.82974832941392,1.419454925528462,13.58442616735579,0.4181691050407121,6
31,Node_6,161.32345182216122,49.311103915086406,63.28845817898421,39.38097637382145,509.1538421343928,98.9340782601397,1.9585078490067778,30.203237765257306,0.3813366869292358,7
31,Node_8,782.6340542446318,8.718388480360165,25.44115793012204,11.776226067235298,799.3275424988414,98.1485998117339,0.20627784045947317,18.92847833412926,0.37006496425725044,8
31,Node_4,214.3313674822666,21.403119767244988,56.11030375482487,13.499939944436601,567.0814327725,96.95845144009458,3.2519119011117668,35.15191091476842,0.25913396492687557,9
32,Node_6,578.4932637442021,82.42631849723246,66.52403364320051,70.0046979844413,631.6651867605398,98.8520815366429,2.8751733350309268,63.670330724986506,0.6826365757805946,1
32,Node_1,336.55266275424754,88.88107800781405,64.31228880933163,65.67134404747391,882.8911340838058,97.99543664906733,3.1503296035626565,87.45270676933924,0.6590454616807304,2
32,Node_3,233.54736343190342,51.707988312376614,68.28696690505927,31.932156059677894,777.7674203684646,98.97309494431397,2.1346339248151605,30.74938545855143,0.44568972918208255,3
32,Node_8,179.99689001436346,58.13750849178752,57.82743891656173,32.538014402084,732.4224666039431,96.8728467743175,3.9622187480978135,59.98813376002722,0.41819686859249927,4
32,Node_10,197.8720302172345,28.35221588750271,45.68795070775458,29.905463791069295,596.5874439617372,98.38879065608492,1.979563208724215,36.09400177389689,0.3111118187430203,5
32,Node_5,155.10659666896402,51.81922315862481,39.45022841079235,28.099294680205553,557.8973913509694,96.62410809867643,1.019146806379478,43.42117205758386,0.29269643848447824,6
33,Node_5,422.3820812903117,69.71904785842753,85.69884514619454,41.29205504762547,806.123453192972,98.9087060805384,2.716852126373783,63.978678083446894,0.6063741683581689,1
33,Node_7,629.5989241010152,60.280219620212435,83.46255448664539,28.774418511538645,696.9038674954113,97.9194957574618,2.3667061816719537,83.96309500284298,0.5847421158655749,2
33,Node_6,983.1872321589901,27.587472380744995,18.966165704277984,6.17320883633633,914.7846562913268,99.0663099503507,1.4238917387432495,16.36318001311649,0.4967537314769053,3
33,Node_1,939.9765979201869,6.776376207453481,31.576894634974266,8.281986691914636,944.7887971591292,99.04699197082242,0.6668143526993671,23.661200084152057,0.45958287629976596,4
33,Node_2,791.4307325313342,24.843638868137408,12.197905256763093,17.597784341854627,898.1167820093643,98.18316658822388,0.6232038630420247,23.79549592847091,0.4274607941326149,5
33,Node_4,731.6242904278289,7.699082294039903,23.51555349923747,14.9823962522083,755.1442956976756,99.85247020190229,1.9849330597154387,17.323916001813256,0.4012444574032137,6
33,Node_10,240.31778455248187,23.622133339865155,36.60587494299166,11.71219440814593,788.6997707360231,96.1940615044386,2.5348843727501262,51.762037124616256,0.2670336918563739,7
33,Node_9,180.9015213563412,33.170022191697555,44.71515775044743,10.722075474000663,411.4856168626372,97.47068549202739,3.5918866096345123,20.05359877331624,0.23552074811576912,8
34,Node_9,444.3131503309627,71.92738582880689,68.39130056181791,60.75189890023819,773.5834447504287,98.79956438016025,4.497776355587729,61.79140134244894,0.6436467264664346,1
34,Node_3,593.6332029813309,68.47805988188739,78.9789600204441,61.57921916250293,808.3613167376932,96.93353750397635,1.8630617490283634,77.77492567348165,0.643356929094263,2
34,Node_2,821.685824307906,27.137513831449006,38.61590792027788,10.3543379053123,893.3263388839674,99.59719625538624,1.198218992328943,27.57249241222548,0.49482876549596655,3
34,Node_8,862.0156382911291,25.356799296495925,15.882803941095437,19.861958211064653,808.9263301739695,98.22351773469991,0.8106635129648843,25.93996065258921,0.44635045341455015,4
34,Node_6,849.6574793610938,14.91020523879287,29.800122898613903,18.928206966499957,911.3168242811405,98.08135038572242,0.5381115882443326,23.569261765228294,0.4454112854227639,5
34,Node_1,867.9697113041982,7.207423010173482,39.444960831351835,10.714235757783818,759.2279965958685,98.87467050865946,1.8469758253191602,22.525603029204774,0.4320359241482263,6
34,Node_10,775.6299858034488,17.278951892031216,17.733797756938596,6.110147145546044,887.9657937427903,99.5901875714035,0.27634071380366754,13.887101746042994,0.4076811669082217,7
34,Node_5,220.62295927809078,37.7227982953938,68.26499746073873,18.79582944685849,429.99562973927306,98.523136964734,3.127074447566277,43.41346858871212,0.33472018411838,8
34,Node_7,222.35281483603688,21.543865231865766,42.23725971166485,29.083105953745132,746.8128634416025,98.92842431539539,1.1929636999148179,52.0808555960218,0.33367012261745177,9
35,Node_7,530.8896474940583,70.95083817269509,83.06917150743102,48.425945407074934,896.1633388922803,97.2875948433059,3.614105120272533,60.57465001590704,0.639898985556949,1
35,Node_4,612.0410767388987,73.49066342354557,87.68030144535558,34.36347113882134,732.4397902327835,95.87391768141308,3.247809918171468,64.64514315710501,0.588761700944631,2
35,Node_1,755.616891184871,29.456340399727686,38.744448968576975,15.748283111913961,782.9703709118553,99.87025590704356,1.9031990797422573,25.71848065749156,0.4856661247741731,3
35,Node_2,812.8903407584123,28.092456897059332,34.74110218661404,7.483264939985057,926.6862245458135,99.41999845783305,0.2980861533200918,14.612830862468973,0.4697369028551309,4
35,Node_6,878.2885342231109,24.905753139596214,10.98200545598787,16.712576621655053,916.7456338692896,98.41528788579286,1.153405159765679,27.378556730125673,0.46347553968839406,5
35,Node_5,989.6227278377744,5.563515010270973,13.332788145569314,12.614970415476467,988.7238717960415,98.86745320020874,1.3871003140741942,7.878779944030294,0.45870564062606134,6
35,Node_8,862.1592245194959,8.097932611858988,24.650238939564407,11.682211030832784,952.2028963080057,98.93250511900588,1.0996800473438157,5.242010318851279,0.43208758021103066,7
35,Node_10,789.6455947292536,13.354195496037676,18.904949047400272,12.436095933878757,783.0965847343738,98.71654016330551,0.017822762797439662,19.14445764016959,0.3823529715206809,8
35,Node_3,181.7645986213941,43.30130665061216,50.91575993665867,27.30595138092911,435.2646582704203,98.24763322754318,1.0670488342265092,59.311762871283904,0.3152568035011189,9
36,Node_7,326.7632818430926,65.87679230681738,75.22376452454509,44.906778198638264,714.8810462639027,95.1305766924719,3.1074233139321956,62.45453717491775,0.47769995193222037,1
36,Node_1,862.0246248274436,7.149492656121312,39.41280634796981,16.406187094427114,947.8616896212352,98.75889239174306,0.9760484341663545,10.245487406486138,0.4551913128175989,2
36,Node_4,715.6068328148757,18.312347634395344,20.713127323335698,6.032971448003912,935.3097753150215,99.00781418837862,1.9300135085124388,27.327276204059267,0.4171210018715325,3
36,Node_9,247.29814352478414,44.508940171682724,60.943728626895386,35.59474552582532,544.8491869019165,97.58190781606558,2.54073792957813,34.075285690552555,0.37092295090250194,4
36,Node_10,219.3113243464875,53.68357788765927,42.184312257236954,37.68256230451694,599.0651111118249,96.10847463362386,3.342057632169236,38.75448572483318,0.35444335769267266,5
36,Node_6,193.823407383862,46.14825886123995,68.68524543831441,16.644135797812638,536.1549590936041,96.27895519474579,2.4081907178647146,39.373830585953115,0.30559753805092854,6
36,Node_2,211.47939324287398,23.067762050989025,56.40609290156864,23.66934927934742,736.3372381181628,96.00093983092346,3.485845252736146,47.10955151816896,0.30079104593093675,7
36,Node_5,171.81943090970054,31.246255658974466,56.45771750875633,18.601351984937878,449.7022401784675,97.8177603307816,2.1170387632899774,58.25519961272016,0.278945228302691,8
37,Node_8,435.7392454647733,84.94794276407754,85.39966874840226,59.81558269189491,685.5968665595913,96.27211983952374,2.7838868806371044,75.85968126337485,0.6150509808161103,1
37,Node_3,396.873042918402,79.97179731199577,87.70582219945902,45.4024388349567,773.0564907132208,95.43494324036087,2.041095922077868,89.77076483890913,0.5653866587583773,2
37,Node_7,536.8026234237745,60.871663792384,86.62333913575357,41.46464788226012,546.9346790287179,97.05447399515329,2.3755331963742936,65.287598386153,0.5370288198711273,3
37,Node_4,951.0664829645542,24.736115925636895,24.26249356732515,19.90165425388708,760.7619103930748,99.38143344519554,0.43810739800733045,23.328932993220075,0.49021628573756315,4
37,Node_1,776.625687219421,7.5491306998037615,38.11044594353585,19.20706797547246,832.8145797057829,99.11902980043196,1.5043866668006345,19.748820643155778,0.43492252325913044,5
37,Node_2,758.4260733848894,5.664483932550159,26.80399005304987,18.463276360447864,892.1571898661063,98.05545760523344,0.5004965799245713,27.241163247375553,0.392800820763263,6
37,Node_10,171.56569395866245,46.96353474520541,51.76720335043766,18.84017348133333,570.4935745310579,98.32985428083991,3.171438527840335,32.094870885883786,0.3348007827155564,7
37,Node_6,195.68170365250137,30.84604928007832,67.01216284363734,10.319176976478863,609.5433450096136,98.67997308020583,1.8256404592082651,44.10799344204646,0.31442389364342277,8
38,Node_4,656.5771329872146,71.99394388463861,85.74600832514876,75.43224770235497,549.3679536208692,97.80078548962162,4.31424604434151,88.32867552149659,0.7093737336247261,1
38,Node_3,541.1863263628585,86.39959166905231,69.74495957918,42.83496300287033,894.8333550945879,96.92378561994387,2.945990659446329,83.15777394128656,0.6476196946548904,2
38,Node_9,431.50566398905755,73.21716574681106,68.94653665870224,41.74258393511917,727.6979422602744,96.82976978409707,2.5164194392943684,60.97298574761302,0.5383189639948727,3
38,Node_6,546.2644983925959,73.08011257865081,62.689132298297274,22.62465559817843,898.5365134773747,95.3118199565364,3.3330025658946445,65.50922745585049,0.5326343074755496,4
38,Node_1,767.0820275195239,27.38143377657116,21.338012271950795,16.549643840238268,870.4101829884224,98.20647562639668,0.7418745620425766,22.09125789016891,0.43175398430918677,5
38,Node_2,242.45607428556536,32.246385174595794,60.096647337781704,12.064699764559705,607.1706032330987,97.68492034373529,3.4586886849079885,57.947217042303684,0.32909771123257614,6
38,Node_8,154.066552170493,45.81206980081483,64.29874228158147,37.635186467956586,469.0208098440477,96.24917942507234,2.035329254825565,45.25744948909812,0.3180613750213804,7
38,Node_10,197.92671748323193,31.46735569292464,36.56614019666851,32.1168739820257,626.7563883476816,96.9990838642126,1.5710256752120182,31.100507324106246,0.2814445824361065,8
39,Node_8,789.8297726291817,26.478709751424717,21.67820374058175,14.138313996961392,987.6264460220495,99.74568017918907,1.6267027477186116,25.703317340556676,0.49284444510142916,1
39,Node_3,703.2869907280941,24.874827951864223,34.45978215447083,13.306245191803974,708.3998183494217,99.95761515832075,1.0829454693273335,25.46332910861158,0.4316834658169082,2
39,Node_9,201.26645414863668,57.586212869208154,57.49929540451255,30.990527069221724,673.7288394515721,98.82844730890888,1.1492482186382853,49.92781902632787,0.4149857958769504,3
39,Node_7,703.1397680802595,10.207917519333872,25.133164787655996,14.035954422589471,914.1439983468695,99.2034575195565,0.8575632033394267,17.417226067414767,0.40133424708146254,4
39,Node_5,247.11965020938294,52.2613332784916,69.47920806677602,27.500893672167138,789.3175065924648,96.4918196975207,1.0400950553588721,32.496983276376426,0.38564224941668124,5
39,Node_10,215.41638087822668,36.24103095449916,67.12237920383852,26.75638453061015,764.7965484579283,96.7504272920115,3.0140922826361654,24.65028775496271,0.35326608203786064,6
39,Node_6,167.96688247219015,29.527405775310275,69.7595141352216,38.40549774544491,541.2146034791091,96.72469263978543,3.8194809202655344,31.92233227855747,0.32607670441362874,7
39,Node_4,249.88370923731895,20.62053164130248,39.77523652117688,11.3135610737828,740.76007847457,98.03305496016475,1.0241360150770102,45.19975022366839,0.27622182434749554,8
40,Node_10,943.8552149314396,29.0532696983539,12.494619561404859,16.166802676732623,789.5614539442412,98.15434688896563,0.4890613309568539,21.300452055222596,0.45526808339278607,1
40,Node_8,885.3974820080458,17.512027757546022,28.873651896680904,15.004836824102524,784.0711409378183,98.52495238840706,0.7509033211224543,11.234450231468033,0.43505573313565554,2
40,Node_5,860.4689559369659,15.153131337710988,38.35828300856062,13.948964079445782,836.0448115416394,98.47584939004008,0.1554936897428365,11.889437265199224,0.4347231977550545,3
40,Node_2,212.7142362341154,52.20754417989938,60.75893370890635,37.40495929351353,780.987215935173,96.81546775358184,2.3078465471960175,47.35643134159455,0.410890790132758,4
40,Node_4,245.68393589855964,51.00239076545363,54.7406841702288,37.32534060195757,576.6125608828443,98.89905465495673,1.1039423764110832,41.8784995381286,0.40221583039887787,5
40,Node_7,189.0936472917984,59.42450161276838,62.92557374179031,18.589393326140133,727.8287578706124,96.5359474068374,2.6661732341425504,38.619961727559826,0.36972388941086726,6
40,Node_9,235.58053530796937,40.88351797670336,68.42141397967285,19.0832669433872,764.6282568276422,96.35431525235916,3.831432782129488,32.52368241676514,0.36005865591087455,7
40,Node_6,232.97193217812074,26.65350977591316,52.75120234822815,35.897080152284204,608.339285881189,98.01565667344579,3.5356837889329573,43.1557792545206,0.35187956249342695,8
41,Node_5,412.0691436572741,87.39422010045931,73.66392831321959,74.23714797220447,883.007436492447,95.95725633241484,4.410175620557964,70.62053251061855,0.6680423201280472,1
41,Node_4,619.7225534996444,83.49916240631978,81.4573967290674,37.34723561913866,675.5167766316489,97.95619012706997,3.577334968075228,86.63088206159456,0.6589932812752025,2
41,Node_6,302.537537451829,81.00755739172749,82.0615783552455,79.30049705417207,855.8635182552937,96.68875907047266,4.032723701703183,73.6890452208691,0.6520843293623757,3
41,Node_8,338.3953969828232,87.88262137932233,87.05733151936457,28.668848857897245,717.4510555342738,98.27357889595848,4.354460287253879,71.19519518213349,0.59276370726844,4
41,Node_10,429.49851981547397,65.51982995226243,78.29412796500637,23.074973941532836,754.3096975348049,95.01470262746183,1.2531186400363588,67.05600213359679,0.4538858974060488,5
41,Node_3,770.4631032357125,14.275709084809359,26.71536572221967,17.9489039628182,934.0095251341069,98.85448045802352,1.3455594542236822,21.82399409741785,0.4425379074448646,6
41,Node_9,878.0925475706683,20.580957343424267,26.661434059525234,6.247276914582349,732.9833584291588,99.57647164495184,0.37936524323666077,17.15785535351323,0.4316571906468036,7
41,Node_1,162.61090779749787,49.15771193176721,47.32649611936538,26.38516139620373,554.0560875855083,96.8810581943496,3.8317716503245665,52.98965551428849,0.33322442522949575,8
42,Node_6,675.3966496267246,72.43028198298056,60.97809761601293,45.05169313420792,717.7584379018106,98.59662234066657,1.9078565851175693,68.10306440728031,0.6325314923546658,1
42,Node_3,425.6261378751739,62.202431261408776,75.42628320835594,43.009857916493175,741.2204869870737,98.32860839651164,3.5766536810973757,82.85641890406133,0.5778331406865298,2
42,Node_2,883.4888870551729,20.86176396832276,38.517253400723575,9.934527306061877,885.1259687287611,98.04907409837233,0.5157054453592742,19.67322665282537,0.4535444448242516,3
42,Node_1,756.3937823479001,19.460875179587383,27.163184690210503,15.108204020962592,895.8789965424586,99.86186417319227,0.1975839194035598,23.95983140409652,0.44853013503986583,4
42,Node_4,926.8001415312351,12.671803560120043,27.367779561044202,8.918214753998006,708.5733652081287,99.34741288041333,0.6140263243233273,5.229224532964323,0.42090607431163485,5
42,Node_10,224.82190839091982,51.83027142414288,58.10427790295104,31.25095727857651,656.6451241886302,97.82619405779568,3.6212797406383537,50.72251496990181,0.4122845472306513,6
42,Node_9,794.9811589006824,7.185154365227893,31.43443290441202,8.706140863105535,997.170831482932,98.0904602286765,1.2059939531664376,12.983361479344982,0.4099443602038525,7
42,Node_5,224.06513021932375,47.21543731193288,44.931338809040184,22.31857281073202,621.1627266968588,98.35037732195386,3.374123735821224,51.53862013150154,0.3700399654289162,8
42,Node_8,176.82867699075817,51.632184352911096,39.25862246328833,12.735852753385487,547.358197075417,96.2535164990363,3.4451695201994044,56.905525708044344,0.2899314869562085,9
43,Node_6,307.1716919602604,89.27852987923188,82.70430881204015,59.837942736673625,876.5429987676945,98.93301391379539,3.7775147810558445,77.31370582517651,0.681423125881832,1
43,Node_1,368.7322499987309,66.42318659354304,65.35806822806441,45.98908821647901,889.8406072880472,97.10870129558401,3.061005332269423,67.34061763448217,0.5513774360604318,2
43,Node_9,975.2599011055222,25.986273180187652,23.67273971434039,9.608167158763017,869.0836568205771,99.79911066513885,0.32138977319406137,20.211568639768366,0.5018987638615322,3
43,Node_10,997.849486135462,16.577604933183864,18.89611780376794,9.26241162480747,784.6847844824484,99.31517617074708,1.1857539330155695,18.03331639187727,0.4642915413255768,4
43,Node_3,895.8798915890654,15.319680810796955,30.69466621832352,5.401907143762502,848.8200761173292,99.10371139186263,1.085926837661452,5.804751753096533,0.4388664452887498,5
43,Node_5,728.3018499791422,22.678908230450908,23.010930889892677,6.420146578671219,815.3093579330504,99.0699243942442,1.1114216650043511,25.542344731654243,0.4060620557618269,6
43,Node_8,156.4276239367091,41.685623460385,55.76281276261138,26.901156055471272,456.81487541552275,98.42683646506171,2.7786406226735867,45.90309458701355,0.32671999860415746,7
43,Node_2,174.12740145453546,36.624658556455785,40.21244219708225,39.38904622692147,527.3872317387135,96.4245446614211,2.0640312984298124,34.98475383451948,0.2844322171402627,8
44,Node_4,685.4992133406008,62.74338646965784,87.56897366958599,62.00354952883668,597.838070907996,96.98505628346844,2.114776101020881,64.30603411074198,0.6286953183420515,1
44,Node_3,504.6082589768828,67.76554097721153,80.5416238699114,24.650675471044288,548.5019115848546,98.30574179605682,3.321883570865487,85.13096319055626,0.5479497357777693,2
44,Node_2,900.9085363087041,25.362424062838894,31.202327612526467,5.3618934670400265,928.4273012012641,99.55273968142164,0.723038751677689,9.593557993203964,0.4838594957945539,3
44,Node_10,970.4552622240296,5.357865918065076,28.033275219269374,7.1901449043431676,949.4774647695897,98.66054676374316,1.6955781020404534,20.564815387730448,0.4599036832407532,4
44,Node_9,717.949631080836,20.241705381365676,31.899204642319425,8.724487713089909,771.5889190888197,99.0665694794067,1.8754215025464118,23.11168157680565,0.412425249381195,5
44,Node_1,707.4562937747702,24.36927055754892,13.208445018827735,7.089803787732546,939.1846688760957,99.32133412702773,0.19463759583477946,16.585639597662695,0.4046444831134977,6
44,Node_8,166.17673246496216,37.10908091208961,32.95274155972358,35.736685887509935,646.6602857720573,98.0458902791742,3.968163229905492,43.596743916882325,0.3430523585679572,7
45,Node_9,990.0341280257471,11.237411778172225,36.369820367152776,19.778013117861946,987.7039478628394,99.2783548452213,0.9541524870062048,19.629298247954747,0.5247975866538024,1
45,Node_3,915.0571102456923,25.85760914850624,16.766824945778872,19.644660073732027,952.7289271517164,99.81826817247979,0.7380461945850738,5.203638590481847,0.5064832925322831,2
45,Node_5,849.9098029534192,18.29527795586737,14.752793467757288,17.5176512143209,880.3937149995331,99.46908168929453,0.22030483556930847,8.535901989855201,0.4424443262881966,3
45,Node_4,882.6145462441577,16.330270033468196,34.052198199548286,14.035497283585617,777.9492163355668,98.10974004436346,0.23246237963192873,23.752251412952408,0.42863642787218076,4
45,Node_1,850.8942413971764,5.809543667007947,15.36926307037249,13.19867130878942,886.5267578101486,98.6288142695655,1.7898148575567125,19.802859675897004,0.4132756789699557,5
45,Node_7,811.9893527151638,15.343458683752893,14.852110682159633,17.61307021829944,741.9013093480324,98.28993965564328,1.7294508674067206,21.68093509332193,0.401395602237523,6
45,Node_2,169.28103969908005,38.92206287576797,57.78082175349066,25.8168010743556,683.6549611298835,98.1798313409115,1.4915029847069707,23.861180389342493,0.33225264160638524,7
45,Node_6,217.63292132771375,38.316390615509455,38.06648567727737,34.163210499718346,420.12199117498096,98.56998638830152,2.913177147449716,26.14677201005408,0.3157551342745848,8
46,Node_3,651.945857041778,88.10144944689674,76.97021075343059,57.418290234714235,670.1076688202186,95.08400930089185,1.857480504291241,85.80571298997486,0.6367025238300308,1
46,Node_1,619.1778046193808,63.170867469928716,64.1466058743339,46.80568891591008,814.4731655391449,95.72754888062241,3.351854442145102,65.83129278046525,0.5757228320039779,2
46,Node_8,400.4831558302476,75.41226354807654,83.26912691068162,63.110193867610306,544.2176129782099,97.3474967999149,2.43361543994967,62.76393800584035,0.5751594723306634,3
46,Node_4,368.30907471565627,60.336547404736145,68.74190724727224,23.75859194950055,836.6912474415099,97.72427408765233,1.6927045641893512,75.88790948909154,0.49202154574098556,4
46,Node_9,848.3824567573666,21.0019463403362,16.18615753780218,19.3929357176509,944.9198903000772,99.69608576300325,1.6205757863551273,10.933272315041869,0.4842061821173338,5
46,Node_5,780.1866042959296,22.43047384297328,23.074482803557167,15.156999313980194,985.8081727431261,98.14998726566061,1.080825590219305,29.898465737020988,0.4496073895032659,6
46,Node_6,858.6586948264215,23.092370221568395,24.03933510183413,14.751114600412622,732.9388525845675,98.77820711595908,1.6256486727294506,24.581356862415564,0.446184160978633,7
46,Node_10,779.2647036534271,20.275014386070982,11.328802317848252,19.514243900509385,801.7219377760271,99.47103693197404,1.2857086774056516,12.195358373570205,0.4265475100437418,8
46,Node_7,792.835047662714,6.14653340160435,23.72143514202864,13.963412579905592,793.8570932767952,98.56588015647888,0.8604694993501187,19.45484379994455,0.3836762667775134,9
47,Node_3,471.67421552189404,77.07837578115365,86.47616018941162,23.402488879297835,817.6937251216176,98.23254847560875,3.6645783515449413,65.40331936268834,0.6002869575700599,1
47,Node_8,929.7057892380275,26.22124223009962,29.866859070499494,16.090567816483222,893.2778165863979,98.31128237854944,0.7131824517847327,17.770680466014902,0.487312119882897,2
47,Node_2,419.76921564713746,71.71506795728152,63.549227483206806,31.71786183389962,521.6152961344371,97.8366395009382,1.1319984128262242,65.35031618935763,0.4793026903257138,3
47,Node_1,779.7892944365408,26.80126305775402,17.783684509113975,6.395671728203767,995.4042878424577,99.73077594728638,1.5761113409592027,19.707880704794178,0.4675802850630184,4
47,Node_7,829.7282139472524,10.536728042787427,37.69322117786746,13.52365076693119,821.8506124908748,99.6989974274102,0.35165962501942705,8.271515107290462,0.43629243835977777,5
47,Node_6,764.5841538038146,18.450730457766454,17.363088058037096,17.33578151428308,720.3687492466725,99.20027783509096,0.526155756055275,13.72242713942053,0.3958803432781486,6
47,Node_5,194.21911575036802,59.15586192033577,65.28582396188203,17.371908549771348,537.7341696056977,96.74512248257182,3.9127474273528215,33.00549681066344,0.35291366167069305,7
47,Node_10,233.1794366985891,36.2971941696714,51.403400962667206,17.591702961806615,714.6546872895233,98.15822413090362,1.8419484092132685,50.94555770511077,0.34303298990379,8
48,Node_9,488.6329926372694,80.9647356377649,67.18246614252425,62.18890984969005,645.3053011149148,96.6976172003931,1.1756760793098473,76.91368263668444,0.5891654026456365,1
48,Node_7,474.83683126559436,75.82623274639514,84.03681128674543,42.56440190369429,637.8173712954401,96.71967758041646,3.019765706855028,67.0663562162558,0.5678965344945139,2
48,Node_2,608.2050267808249,60.81287413883907,71.7697342854088,42.29745490288645,611.97511775048,96.51693021164138,3.860053107809861,71.85126883967295,0.5584116652571188,3
48,Node_8,576.1879851964409,73.5775100613315,68.45636818848465,23.716049285252897,690.2150118831901,96.48285485188603,2.5516708837303685,87.4247661464259,0.5445059772116523,4
48,Node_1,705.699599651444,28.950675008271297,13.724155820251692,18.715454484979407,967.8305137319596,99.04226623941398,0.9012093986049083,15.282839852924965,0.4437682413147798,5
48,Node_5,864.1156992341686,12.69502831516932,21.799273251533037,13.879343273359861,827.6324038119792,99.08155895404043,0.1566040239488502,12.589491343536562,0.4205478726341508,6
48,Node_4,711.8598376681409,10.53246928265365,20.554536887203717,17.956899526933366,873.1106072365844,99.64143252136309,1.0590573381942832,24.69693979874041,0.4145761483800764,7
48,Node_6,180.03213044295168,33.119813963752165,40.0171135218627,24.575448280687556,470.5579067223319,98.87277388954793,3.2328363259853754,51.66441769344196,0.3088600799515303,8
48,Node_3,161.00686620384693,29.368360189691145,34.448075380112954,35.76466580266776,468.85960647245076,96.44425579385526,3.858813653465243,34.254776680062704,0.2583901962880599,9
49,Node_5,462.02478817228405,73.75444042645545,84.06163676608838,50.88921036746879,685.3923983589076,97.83383255499342,1.9104900962058915,70.22655887324909,0.5972894821838562,1
49,Node_10,989.7860717084595,7.743407068526219,18.380421058106688,10.481982666580482,985.0913159652077,98.95182154954821,0.11698216346264956,16.178256140494625,0.4586303637582693,2
49,Node_1,710.2009611695249,18.11507286437959,36.81901041371118,18.632269547988003,813.8924938305829,98.76339582850015,0.38951049919598946,20.511204556428993,0.4161956152016805,3
49,Node_7,736.040890113268,21.29215627419137,12.268563219376537,5.938782197381041,739.0999170621536,98.76222774171472,1.4611767636227455,21.38293027226934,0.3730706884141241,4
49,Node_9,222.4170785119054,38.83410431135278,64.92862007485294,27.99190615110026,613.409930511646,98.02740336088706,3.573156318285247,21.11714303785192,0.3646381504034214,5
49,Node_4,151.66285188139426,52.531899173781426,50.92987175502136,33.87855385857019,452.29777920262717,98.62619554337763,1.389833271289222,27.242958063557992,0.3363924212470114,6
49,Node_3,247.3412771138115,38.34303641547778,62.126707763264456,12.192356097748563,517.0268108438295,98.37531603441397,2.9033913007125274,46.23503898903869,0.3335199230733181,7
49,Node_2,178.68906568961881,51.1128510381101,60.964110111872614,27.184731905714166,427.1274054476646,96.79610063486614,3.133170938502369,30.07443469866784,0.3181108753837361,8
49,Node_8,210.1842373975987,35.66294807784236,63.788733661617506,29.095384301635512,505.29274307266803,96.67968991323755,2.4642991405048567,37.01986633800939,0.3077476977223028,9
50,Node_4,586.6093089459915,80.10843336337001,67.64770736643668,32.0488869202976,523.377049819835,97.27520892601807,3.99787798032833,72.76545563099802,0.5719275655408548,1
50,Node_3,665.2838874153041,66.2958413759852,64.84430427339652,27.268673738146266,749.6105301757281,95.5741417286645,2.834924581135271,65.5729800108817,0.5380811683555659,2
50,Node_1,705.9776738333052,28.493891871880273,36.942796136956716,16.734093950809616,993.3049430257023,99.82095858959346,1.9976636415779527,18.380976970178153,0.5003963047704986,3
50,Node_10,965.1642178821587,26.27728427540155,18.499737483114714,11.938450831764285,797.526489855343,99.48064117131588,1.4080090686381637,14.517939002370445,0.4873428942977095,4
50,Node_9,717.1180249382105,18.586165712709015,30.51076188773251,18.219153086299094,862.4818006069727,99.3728149243729,1.4532326938389535,14.752340964054266,0.43817680421704885,5
50,Node_2,221.4700690901243,27.172204231315217,55.910582236470674,37.64885751404425,773.6316600775034,98.7946560106943,3.9207271243437116,59.08381837847129,0.413118094209914,6
50,Node_7,156.0517065347909,46.36055623957486,58.187789632769025,15.658669042684576,669.5511186784292,98.17486354786777,3.1743853497535057,52.51758387601226,0.35559930941746315,7
50,Node_8,246.37627504791942,29.830413895532892,39.521088412782134,30.098546847239604,492.9546795636319,97.88538436857475,1.483620497844608,25.97950129959299,0.2826288456019389,8
50,Node_5,237.4788253430697,21.399579072426253,43.66891515588597,14.199113441804341,620.9403378366908,96.31776656638719,1.2865265927470912,50.26834625069792,0.23630951061865035,9
51,Node_10,474.04448675692606,68.23454110595551,70.71852155689649,79.53667581696214,887.7920746176883,98.34153723848169,2.1853552475901794,78.18475911086915,0.6800351282136142,1
51,Node_2,583.059811585227,68.72238050690456,79.11113584763585,45.117130915924264,702.4034484407789,96.87516445852532,2.7067949760659826,86.01862920547028,0.6023939158825239,2
51,Node_3,432.43521904095917,87.33757507479712,72.16590172551209,43.610705515651446,757.4035632412438,95.59657247542285,2.4813062145632507,66.36624993531959,0.5606484269130384,3
51,Node_1,751.9870435355579,25.26221870963475,35.5840199003371,5.257323144591943,882.9281231634844,99.04933183656847,0.14582231074791308,21.460154405518146,0.43070674653727686,4
51,Node_8,722.5559414365317,14.469832539890643,25.402434088731066,9.560517415705215,951.2087396700302,99.8724268556623,0.6289665302799123,21.136770690230662,0.42692155400785164,5
51,Node_9,962.5179269850385,8.10163344012642,11.274071184238307,8.58734664053251,878.8070597247163,98.41241377372563,0.7928194633979759,27.94534614480248,0.4239731753227677,6
51,Node_6,196.54796049772722,49.4928267764349,51.30199764739635,16.729884353357356,702.988376231657,98.48343374100675,3.9084539895535917,53.47444667881246,0.3869606176499159,7
52,Node_6,511.2392579072526,64.76831267879507,80.93464668408204,67.77760255731414,865.0679379249074,97.51063465356957,2.7718199347048986,62.77991057725659,0.6488172790123574,1
52,Node_10,487.32528972505963,70.4464357620913,68.8504539542344,71.99374882359422,787.7322970050831,96.24540044721287,2.5963488753890687,65.90421111360658,0.6099066673025887,2
52,Node_1,780.8814210843732,8.589572973607734,17.66566705072004,19.38480742904253,723.2651582574479,98.99329472350159,1.3160162310773595,15.997339033942119,0.3884754715343984,3
52,Node_8,747.0002997651268,6.611709537707243,16.34226249713743,9.804340649238393,702.0037780213684,99.1431502846792,0.16295265002594306,18.765912294064222,0.34331461591033474,4
52,Node_7,189.8827814043666,43.940007014396784,41.221547690299275,30.878629270812382,511.96649836540416,98.02444108848871,1.9971696731504762,52.93917100823881,0.32803945569890597,5
52,Node_3,237.49182831933018,48.27301322311507,34.51480028395922,14.520360373306938,608.7268236045547,97.2852815885587,3.3841263472513967,41.61142877825179,0.31871302907399734,6
52,Node_4,243.0570477122179,29.085303254634738,40.337753690953754,25.637860540970813,777.7512091856601,97.2400356387279,1.3383326378744884,34.673395644291006,0.31008667194595724,7
52,Node_2,179.32714933709605,23.408475118867944,33.46619992685926,30.74756928072275,744.2849064054556,96.44460829514519,3.25911026175906,25.508446414125807,0.2740285978126152,8
53,Node_4,992.1952085943781,27.488758908029382,28.50599965489658,16.533778712000938,999.0695921496801,98.61178867951254,1.5803073203809255,8.855172113140823,0.5340326202796558,1
53,Node_9,915.263753024309,21.47199921861632,31.359095662818646,16.7275155493678,722.8107122097373,99.68471038852505,1.8203257213402197,27.930061905355252,0.49165867063610447,2
53,Node_8,707.3728897944576,26.207822292586716,36.19808843169069,16.98747147272646,840.0852308083279,99.82858475750808,0.807433846628155,11.322938007379028,0.4540720545000945,3
53,Node_10,166.84601378391375,56.25669927583299,67.26722483042904,30.446389369613787,780.304313537813,98.9297893984065,1.812353414550557,21.270302123583157,0.4240913542132416,4
53,Node_1,786.5351031817656,15.085694392506916,24.799679851667864,18.25146062614031,708.7913391648013,99.29332223414363,1.3537662823038632,26.591213260142084,0.42098381977860616,5
53,Node_6,882.3071259358205,19.203715459616074,28.215764023581016,7.229143226476761,700.4846644233454,99.22493823947917,0.3899151394976721,16.36918405750088,0.4208942455508117,6
53,Node_5,210.6953432222912,45.432337510029285,66.70443175493294,28.30554504980035,675.3734008527597,96.13082365781412,3.0225186165625555,26.22285354973478,0.34861767548007794,7
53,Node_3,247.87583175328078,42.521224497405626,56.312602749954365,11.23493317232803,674.3609330002346,97.58249121754247,3.9844659268818847,29.21790026149159,0.34549343341722555,8
53,Node_2,178.370351407412,24.046058338278623,60.480469529552536,25.041874508799285,639.8279658379439,97.2372777163909,1.8324976251273337,22.59998505995827,0.2800980797687207,9
54,Node_7,603.3263480400961,79.81382100050166,84.69986128662158,56.449536230033225,515.9388041287938,98.57098349808977,1.3146446227767137,74.01667021736172,0.6445715538568254,1
54,Node_8,381.53812803730324,83.26418789500595,60.08965323446929,73.9728132708716,749.1100239664702,95.51759006722234,2.6367208512260563,82.38677127770919,0.5905798107561627,2
54,Node_2,900.5393070533444,19.98353654354416,13.88520996084647,11.538419867128127,960.9022868996749,99.9924961837062,1.8168700427166917,27.445100488267745,0.49757396865272685,3
54,Node_4,306.6059559309891,71.85192892685542,76.66203009165723,24.313641406882496,567.4583731029691,96.96029553634645,3.512804698845983,81.03664286845537,0.47239147173942675,4
54,Node_5,151.05319567350898,42.16858118004596,64.06860223598227,30.99027042692246,792.0174069970385,98.94152278359235,2.632910764222778,35.323751862558744,0.40368691058434675,5
54,Node_6,222.38258065427556,49.44765812178626,64.73916188936842,30.41359341926523,793.9231122450024,96.3870737391818,3.670077446709224,33.1415473107959,0.397749168339069,6
54,Node_3,207.20819721558803,44.982924453066246,39.47028157030675,36.131245626029404,765.6014597577342,96.78542938455249,3.658141951562883,56.24003050677388,0.3794216086739281,7
54,Node_1,245.91109461361384,51.70877183265652,52.18348095345046,33.2408386632352,402.8650324529477,98.5745656280555,1.21245597471692,37.08950201007902,0.3554600377062272,8
55,Node_2,521.8089355253624,71.56271436207696,71.38483609193383,70.11305656742257,628.6961605641745,98.89402148708766,4.452688055423277,75.74640796047171,0.6718703470683667,1
55,Node_4,562.5565863982845,72.98307943950338,86.35492224440924,28.237637904709015,670.3586899377909,96.22681558894989,1.8399579189349784,63.91019855720115,0.5422039398586628,2
55,Node_10,960.7537903687914,9.762093774958483,10.402270550964994,8.635415598802258,810.306314803177,99.09702124071615,1.4707365227660159,21.498132898325004,0.43165218033024255,3
55,Node_8,835.2454637875139,7.92372422250238,12.7352879648627,9.631199506015514,908.1445395071164,99.20506394724504,1.6254390705026984,5.336994707740828,0.40864717047561616,4
55,Node_3,245.91415367497538,42.682747380175954,61.41440387198911,22.814301032535475,645.5749761572931,98.97345864546364,2.575141908961635,30.668449908578047,0.38457775952281176,5
55,Node_7,815.0650633490344,16.436624466473987,23.020213833273665,5.21854212105864,766.2133995913343,98.19425137850857,0.3840259038084122,22.427726913054947,0.37919918054800283,6
55,Node_1,179.6917221512842,47.44708069699983,31.254684497146847,10.50918659644864,572.2496295433039,98.52420705087611,3.275603992184328,31.632284789384194,0.300794330595928,7
55,Node_6,197.40115555081957,38.89342387997147,47.69119009149911,24.76939530538045,591.2312677337036,96.24529995984184,1.9835930879844423,33.15241948707662,0.2812814155809736,8
56,Node_9,681.0346202243763,88.36734446461905,63.664049110481976,56.11073441859469,558.3914383833146,97.69284073242126,3.343513759989461,88.48838778220434,0.6760337642890911,1
56,Node_8,904.6444795524458,11.053819273698712,30.662960873244145,10.578569099618209,852.4096470560664,99.84799326519826,1.1026745420106105,27.85865122546573,0.47003859568892026,2
56,Node_5,773.7222909182765,29.351251289462645,17.13707490654503,5.43844052755042,780.3199392128807,99.53038108639306,1.2215140627347756,23.83308840500689,0.42772944303563565,3
56,Node_6,841.2688435846928,9.34400021900278,16.59872144182465,5.987315484981662,910.7892923884746,99.5250112353846,1.336314374534255,12.70755952729475,0.41906127339872007,4
56,Node_3,805.705278331625,6.270828499975055,24.189168409927824,9.230861048025574,863.881538879303,99.05186638121863,0.6035436445720486,28.902386079464907,0.4027169471835365,5
56,Node_10,233.71176802753143,51.538806698385166,66.6767364106106,24.10419550141318,512.4371775562142,97.97550794759589,3.6386986228258955,53.86003222605186,0.39139717686305664,6
56,Node_2,204.5418805470846,49.560786485337545,31.283939034097106,21.720975073142945,640.9745545160025,97.63442352554931,3.526086487234628,59.23307182462964,0.34635150065241915,7
56,Node_7,221.99321275513375,45.11913462990451,38.64492295600009,15.463199411476879,568.2349906059101,97.97591265211572,1.6285311795703243,32.12028303113373,0.29868274241713366,8
57,Node_3,617.1717008957069,64.03352414522575,86.97375320068036,72.79224415131026,518.3374280665199,96.15458293442136,4.031953425542355,85.4758538881988,0.6344890001567167,1
57,Node_7,932.0299595698248,25.17342601269679,33.761414219813254,18.23355585129444,801.7185184364529,98.96389535496199,0.7251143952224861,13.086142162156257,0.4900925869337044,2
57,Node_6,875.8874585613243,25.523938006827507,21.970333476057462,14.567823711479571,783.4708840231617,99.91252725933965,1.6228220774588507,16.226583492566085,0.47985918023357194,3
57,Node_1,922.7219253503372,11.645808719747082,19.59244177806447,13.34982327317568,917.247004480672,99.10687576719816,1.0765302096110965,22.300967111573556,0.46071483065896845,4
57,Node_9,833.5237206757904,13.336581041817116,12.139908213449651,10.138786600785151,940.9587090419247,99.17844031010245,1.5596074131928765,26.646578424923373,0.436585325270507,5
57,Node_5,976.9373206771686,9.231052103828143,10.535106387493956,10.946251515284878,765.6644621395725,98.40607557900721,1.8955854305934052,24.03213994844904,0.4241522782033586,6
57,Node_10,234.1707928366865,41.50971809800801,59.6582747889134,32.55502379956705,412.106136040495,98.71664244754288,3.4240794047535092,54.761123701193746,0.3738216637079561,7
57,Node_8,202.8951160127138,49.254187550792615,39.15769479829068,18.49034501215087,741.3679310451721,98.43679281525831,2.093436819225215,53.33680190136027,0.36377108269982755,8
58,Node_6,956.6937798375309,26.460165235608805,28.269214630276103,7.550368692641471,963.0006742078542,98.69269724377364,0.04767633886550526,16.66870051738912,0.4882437715155592,1
58,Node_8,815.4605077487977,5.603944968790507,39.535111169279894,16.652413220541217,816.9485735923275,98.68545752120926,1.1587239145410277,28.64130097487467,0.4282267198623521,2
58,Node_4,892.9760858018416,8.006532829341548,21.372744885773013,10.02815693227086,797.269981327893,98.99037327437274,0.3675295287764597,25.892541636172236,0.41252595588743696,3
58,Node_3,226.73466236639672,59.764787185805716,52.691158819228406,36.711178125372534,682.943027325372,96.11303852228698,1.7832471101919698,58.71899851928528,0.39078420556872784,4
58,Node_7,222.1007749854191,47.01758677571554,30.510452221464814,24.095458822780916,646.5859030894942,98.21978310488518,3.700969804073506,44.874036959076555,0.3557735333283296,5
58,Node_2,161.29778770788172,42.63287996897927,57.69961321118762,39.714317370073644,500.5470929137308,97.83272468139221,1.560580457547836,33.02477247360347,0.33429640172277686,6
58,Node_5,219.25738958858187,35.54911825548655,59.86852851197601,28.667742825780188,686.2521724043575,96.18510987629817,1.5910686870377284,55.45568063183364,0.32603764189308104,7
59,Node_10,668.1817479445574,75.63622572620338,70.96699321659803,55.81975666872744,803.5878728578334,98.6245341133665,1.4728518669810344,74.0625706405488,0.68549784989256,1
59,Node_3,356.18284738030974,62.120039507465805,84.41426046603853,45.857148593395586,767.9027382899878,97.98786749710268,1.8875122554278025,81.65262236412875,0.5553618316940839,2
59,Node_9,780.0303586365544,21.91559467109133,11.24002549913145,13.565227669949147,997.4009298502733,99.03256112491805,0.06870300933662432,25.651157261051818,0.4375459588159711,3
59,Node_8,239.13050817510464,58.40710199519434,68.93058769903911,20.079829818187086,785.1049419139429,98.78596099718985,1.6150487132141542,30.612975844131686,0.4314360016064695,4
59,Node_7,901.5540789613684,13.706992478502123,32.34446990062513,5.852466818953474,825.2663824018662,98.35894936842851,0.42121629367509983,16.901825223154795,0.4205193098403471,5
59,Node_4,828.672459923965,25.702231350729537,28.8094430828144,10.599775198604487,769.3597346934037,98.10105560007892,0.0852332223093688,17.563236028186743,0.4145383050315705,6
59,Node_6,205.2182068216959,54.707421809420694,43.8877443000785,15.5885020248973,662.4375048935817,97.73563340942786,1.487943050104322,56.16853540493501,0.3449835484042378,7
59,Node_5,179.04905775600943,35.939777088605226,56.23750625904329,21.44845320948272,410.68801201271964,96.5327473906307,1.5760761262964318,33.96797933505584,0.24569728730240206,8
60,Node_1,540.9183980119903,74.8515243081307,60.79662913597542,75.03311644071059,587.8662338202662,96.97593604444695,3.673736145707754,84.96835829442031,0.633258948691306,1
60,Node_10,540.2226692902383,71.31124821168316,66.76559197802685,67.9140274167473,660.1255084476377,95.56569781890937,1.1907851358494703,69.43421243911338,0.568800292801186,2
60,Node_4,397.50444273049413,73.2741698554507,75.82052462374921,66.44663704615476,611.4226920849122,96.58625095678258,2.677680150882227,65.57638693408468,0.5669219145979189,3
60,Node_9,638.0390358666461,65.14427848460875,76.0764561042283,25.496732551390615,695.212904446304,96.47076804941895,2.273095716889276,68.11239835926969,0.5431091875930711,4
60,Node_2,904.6401999372073,9.90440256345078,34.594544580200676,15.569751667574003,962.2858418946257,99.28132313711326,0.18807228643329976,14.978368490228979,0.47305755371201014,5
60,Node_3,849.0099214357342,27.736436214073432,33.477209153234114,8.934150600840002,747.6367790897358,98.28021083196464,1.4590545252461518,25.59464006177677,0.44537422973656493,6
60,Node_8,756.728153284404,10.094994060900163,38.909149426397065,15.926085302165443,814.1224471706837,99.04129468126474,0.15998316093996445,6.75945377113183,0.40415891084876593,7
60,Node_5,229.51953885516008,39.46602307992406,61.789986120126564,29.96051849310929,445.75976750022966,97.04615584664401,1.9964890135111886,25.18593111369638,0.30695637287716976,8
61,Node_7,695.1671892775015,62.398926152038555,84.96687974292391,71.45094325683311,796.4168581480868,96.65604926760973,3.0362246486139695,87.08817184980451,0.6946451227757308,1
61,Node_8,430.23396535815425,66.1295137592382,84.55945694900954,70.39176967008783,756.6428205187968,97.6944164593128,1.07863543611658,65.00401935157338,0.6090086014201052,2
61,Node_10,360.3417626965885,83.91230459422539,73.64184061306162,33.562868645146985,688.962913910619,97.78240360672739,2.9767151275808383,66.71995591684822,0.5522204446976603,3
61,Node_5,827.7128604212551,17.11864738435254,34.596355260577546,19.065069587577284,765.7871042561084,99.5027540086398,0.7402691266733372,8.720554358896717,0.44843763545916515,4
61,Node_6,737.9801692382998,21.149611531903794,31.858431590516066,12.877914498892906,742.785245581213,99.40662527580218,0.23002583643192387,7.213870647701146,0.40497717407119943,5
61,Node_3,174.0022345124853,38.63461134022607,40.88583098423623,16.768335473403873,629.6927401188394,97.3214485931283,3.285251515263517,33.34757129151584,0.2907559777724789,6
61,Node_9,168.48216044109955,40.79825278422561,48.70364813273408,14.516013577079576,605.5390882818888,96.91557452812549,3.447053840024671,25.843033791490015,0.28460408941256043,7
62,Node_6,637.0010224123587,67.55161267210714,63.08789517738863,51.334083384299674,814.5981909896722,95.72020792733126,2.0295342095350506,77.18288934362377,0.5910993744573849,1
62,Node_2,771.7362020486845,11.951957614498117,21.67191897088898,17.83011181995142,888.7878048180949,99.75016191086237,0.5237947572399608,18.877370170985863,0.43170777653135506,2
62,Node_3,235.0009011932004,54.252232741929504,69.58846362159993,21.80902243965724,456.5267737276795,98.49232162388822,2.7957675183600967,43.5911251366183,0.38371803141170213,3
62,Node_1,172.90654538758236,54.56658766840963,69.21251963501004,22.886668994314476,741.4342344379661,97.57655895025505,1.045701483075074,22.54235965221212,0.3688284332299274,4
62,Node_5,200.86749027623284,32.05685266945033,35.14418705565174,36.88354717596832,619.8932860565951,97.60491485235934,1.057956030437892,36.50695924018442,0.30017301934144525,5
62,Node_4,231.7660380325345,26.904420536052264,35.95284074556584,13.568546806883653,520.2338453161815,98.15774113497744,2.0817213360481865,24.872469219503508,0.24990758281399658,6
63,Node_2,603.5405373895132,66.93669141562248,71.26589546488752,40.830334516669964,888.1164661510178,98.91509452268521,1.9220631250648852,76.99022220994723,0.644622335853524,1
63,Node_5,398.3236309284152,89.22723932203935,79.70275357004141,46.53020367574857,841.5399256102096,97.6775829433029,3.4010656172224913,70.45984639640588,0.6377470514811282,2
63,Node_6,573.2896119824209,67.09860619507901,84.45089604408429,76.11551267862096,749.0201257362526,95.3666224276592,2.0691007179950116,64.97033936905093,0.6242712166240663,3
63,Node_1,342.89356672641514,67.99685708367575,75.71392847522537,69.74635800985128,583.9023028715098,97.89350154619295,1.4830100315456871,64.9313228656813,0.5557442719780751,4
63,Node_4,757.3531892832258,19.127044251644815,32.78050330189711,10.894034466314555,905.8992845101495,99.34907400963759,1.4165429528296676,23.46749477716702,0.44997841432460683,5
63,Node_10,242.77554768380196,52.0258011576658,43.34567117753113,30.823775225833646,799.7980809053904,98.0036817346932,3.525272118169191,58.975250185015575,0.42943691359313546,6
63,Node_9,235.97219602567063,36.37594960610272,41.788130206314776,19.25327938721844,606.8555747790358,97.16977085696567,3.575258733621467,47.614592439689496,0.3130348156248842,7
63,Node_3,174.80447522168882,35.939228678344,34.97135938444806,27.0760286150819,718.5166473830484,98.04869516413139,2.1946124738825072,26.578966366367915,0.3128935694296783,8
63,Node_7,168.21233470764145,20.354814318792272,33.783013483527085,34.58002810891989,643.8046980988818,97.67533665613864,1.567175551297774,52.3766627904637,0.2780914766241759,9
64,Node_6,482.75310633774683,87.74861743462313,69.40838997159446,42.001577535933876,681.8027182701954,96.76907823485774,3.7909453281718943,60.651440533757516,0.589645371027558,1
64,Node_9,675.8291733565882,87.36904183810597,64.2669807031364,26.00698065225641,681.3582413022366,96.19989486532035,2.800915722760139,73.14482273455589,0.589600880137411,2
64,Node_5,433.19939581797587,78.31931196042201,74.42521433356794,63.24938226127433,685.8121994608127,95.3117496506667,1.7787748682649442,69.659012866029,0.5600972566104636,3
64,Node_2,940.5092941008803,28.938422083183692,27.0380389099784,6.954520554392891,933.4465457072778,99.04579106369283,1.8814137397694441,22.343981198395316,0.5101511485810063,4
64,Node_3,942.1228225073513,16.055495350912803,22.202546788127705,17.18869105076893,882.1634643755165,98.09518095141485,1.3142565689065961,27.404945330291355,0.46597529324865655,5
64,Node_8,724.1702796859144,26.286978783542164,19.771455752316854,17.289763225418845,771.832611216334,99.85818212754755,0.11201206891889481,19.04325544389665,0.4255365503735529,6
64,Node_4,757.5406979879782,13.604203735134977,10.742192779213525,10.700561128300988,897.0620529870271,98.4462174486107,1.3282249103073644,20.60304305091605,0.3878181406845471,7
64,Node_1,162.15578650714806,35.23111246519372,40.03498007266586,25.59021516133498,465.4273210260511,96.389634024979,1.040268525273328,48.29967358967783,0.23632519506128344,8
65,Node_4,342.7173218868564,85.07061101676015,81.68541282848535,22.839352248192114,551.8033180094601,97.48998229272102,3.7911837295217263,65.49585121600592,0.5172624823645802,1
65,Node_7,907.0982276555891,16.21322301036897,22.66158018911554,18.993992986516687,971.8014353332283,98.76356591079653,1.6086211614059938,15.588112171423624,0.4854672402842308,2
65,Node_6,930.1639378450747,21.222668083785287,35.48846606517222,12.001281525482515,949.1156897392603,98.30748722682372,0.955708537160227,13.710779492778906,0.4845800464695268,3
65,Node_10,955.9750328789717,24.49258624502937,14.052842371227845,14.401549511386289,741.2776203903692,99.79482538257089,1.8637360566986236,11.49834082102482,0.4799805137372886,4
65,Node_3,825.9260438534656,11.719943840142363,26.488513984401017,7.3105243662504815,891.6388727470733,99.70012880455639,1.8748427747584684,5.191997608884839,0.43660850434077525,5
65,Node_2,758.1058874607985,27.644689317206748,32.06175505996542,8.267274581237835,898.9782946140164,98.6457474808349,0.28084434292336624,11.133502630271042,0.4295344093743097,6
65,Node_1,865.6542540682693,14.976693802572767,18.86488729714179,8.02707451554206,800.9480825662655,99.91045388650926,0.024663878620925228,20.21051820646649,0.42571811090266787,7
65,Node_8,833.7140812450268,9.511390135388494,29.0211567596669,6.581994689681429,881.9295569642363,98.26516157254771,1.2937611042271706,13.579924662415529,0.40410427388648007,8
65,Node_9,161.48503242404945,35.81147982959506,51.529597688407264,24.536681451078096,690.3330736132064,96.0597246723977,1.9121596628698894,37.21657540742655,0.2831375239903146,9
66,Node_10,557.6089244029927,71.5862538775323,76.88204112380414,78.73109935803271,500.9930096669774,95.82947518822202,3.679982348213379,81.7074243451667,0.6189845245656644,1
66,Node_4,437.80899234105624,72.66058168151432,70.2364482735922,60.701752526486416,750.011686000824,95.60198762430664,1.4146081319233428,65.99641694566675,0.5492997578906068,2
66,Node_2,657.384083415566,73.12483820691381,79.41559775656907,20.575324103842846,628.4974963851619,95.17757885505131,3.842389154737253,61.07319612609272,0.5353477471501734,3
66,Node_3,363.46950235078384,70.74457798446683,76.28793418281477,28.38543226487228,627.3151050890993,98.06873824605366,4.058971388092441,70.02499076105906,0.5248911418386206,4
66,Node_8,893.608509937954,19.502012067060036,30.935959758174693,18.439188167191674,743.97877107071,99.00998460670024,0.3923926771670243,10.625457928494551,0.45030049631940156,5
66,Node_5,855.7900601780541,10.924357311268455,32.54779414647417,8.167335763711167,774.1927480632735,99.25873735280668,1.4758985117313042,22.04942780416386,0.4293974305824321,6
66,Node_9,771.2185990435563,29.486848015808143,25.451252937299635,7.221159021150506,730.0242163415423,99.48932698468762,1.4756037944706673,5.443560398222997,0.42441424901110486,7
66,Node_6,757.705540006741,16.474283529596782,14.104049240902992,7.5220994954501075,869.809378223317,99.86306804947196,0.3916258216717219,11.611618117007094,0.40152095514027425,8
66,Node_1,175.24860428621145,49.3595290802328,35.48640978338887,39.350910960824564,660.5864065003354,96.09486438962078,1.7657487919828003,41.9503050361987,0.32355274622442676,9
67,Node_5,654.2430906946005,76.18740832201999,69.99446403124443,37.96711442949754,690.1989078174852,98.1467744861305,2.5518641106918634,68.55104324403004,0.6252047142968323,1
67,Node_9,343.3229700674039,66.90915038971626,72.84806372399515,58.06210269169179,886.4785849456622,95.75178079209721,2.682497467583112,84.97631816947398,0.5572215312482304,2
67,Node_10,514.5594013966213,77.31310408145666,70.61054435164971,28.081595221482292,527.526283085801,95.30034364434314,3.005814888211955,89.5147675378041,0.5020495979224434,3
67,Node_3,430.7584886298465,79.88892344494484,72.17371586500833,34.72472820144784,668.7728796591917,95.10069771160555,1.0467284900140115,84.96911185605768,0.4971677925044726,4
67,Node_2,806.2881997207418,25.971283290609513,13.605351306823648,11.014310867269803,756.0853672591861,99.97546330747483,0.7399089174236224,28.71510102890067,0.4387603018748382,5
67,Node_7,761.399149415421,17.99533563789702,39.700313225806234,17.799051308879193,751.5363190655036,98.78879529677798,0.39155667204691147,29.43956544149033,0.42718239926184487,6
67,Node_8,233.2601426191065,58.16187874376888,31.28301297233446,28.91413411111801,545.8122598799365,98.3287279964416,1.5176027950346946,20.86338301212131,0.34445187079501693,7
67,Node_1,184.49820679917906,23.522255196705988,39.94109109039697,14.634926018402481,727.7066000927687,98.79238067665322,3.182113044412369,25.04475604242584,0.2947509933529171,8
67,Node_4,168.44427244118845,23.45939216335924,38.33713104507406,37.248878616205374,431.0690332646852,98.29917975977683,2.209040304850676,33.05579006086584,0.2687910609018538,9
68,Node_3,393.09665415008004,89.46411518195423,83.97425096106575,40.00447957651568,692.0959029164864,98.56710289279339,1.2640499463275385,60.033280780569015,0.5948297965392687,1
68,Node_7,920.9498972784528,26.361583120915938,30.200594425950037,12.616415191473088,744.6710111336865,99.35274356799866,0.9344643353798223,21.668356400199553,0.4791002774975971,2
68,Node_4,768.770059027818,19.721581733555297,22.691903428191807,17.351922354464023,797.5801900664903,99.82626601622562,1.6901569988393617,15.456293376477669,0.4445521181096042,3
68,Node_2,895.0257667757655,9.708160196866004,38.44238423813509,8.643064064244433,908.1380443237754,98.81399422714816,0.6824831112381262,6.967651239242987,0.44302970669912567,4
68,Node_10,836.8408803435602,5.604192159931053,10.52692745605177,6.289962800615264,829.09886736155,99.19859905890222,1.0949099302150938,12.075990622727122,0.3796279207585441,5
68,Node_6,150.6876888581726,37.35559181181868,65.60539990668866,13.028803583670852,704.9029429621704,98.88070209743601,2.9858532062861034,26.70718411451917,0.3418948636620235,6
68,Node_9,198.82871645192174,32.87938831540005,68.38495820106931,36.72978653165322,478.4607240828019,97.7477438404195,1.4492618725685125,53.57202765530353,0.3353561309974434,7
69,Node_5,917.9001860772206,26.13848822082308,32.185991217312086,19.832596151926595,858.4790148432813,98.81609261604326,0.8035367823787625,6.117159768594969,0.49295762932763626,1
69,Node_3,471.8434705039789,66.31351820399712,74.6653200528674,28.26959694795928,736.475785133774,95.97302237368503,1.6574746445752226,64.27196440385151,0.49195632011032314,2
69,Node_7,772.9828478264986,21.66769801888488,30.438388089311378,17.18615340326801,853.2781815728629,99.7132584560924,1.3613268449303584,27.023491726217692,0.46955937514869667,3
69,Node_6,866.20321857461,28.19475820609325,10.938185828861329,17.648327595784828,814.6165192253385,99.2115998489651,1.2047212257595385,28.654836756916538,0.4693710604013192,4
69,Node_4,890.4866775484027,25.14278143827756,34.22408698317135,16.766702764865542,829.1497403311041,98.48956191102798,0.030462697238241354,13.054660001677313,0.4642505164673707,5
69,Node_10,938.1019134533459,19.468187773118885,34.06708014157732,10.09158381847282,796.0965106038872,99.25108066811701,0.06986200911531637,17.634084873023568,0.46397988786370975,6
69,Node_1,238.97739827744448,34.93144724100978,47.57621723467938,20.349843477441308,770.1700840902772,97.91381208455115,3.159545749959315,50.24133269821778,0.35948990548221604,7
70,Node_2,498.16497366389535,84.40895546641501,60.14229030260525,51.146623510987766,600.3147086213563,98.96751364103267,2.5388725092989795,84.88570964321393,0.6245425694401133,1
70,Node_4,428.358499354281,89.05149790921679,60.018864519143655,73.70381744459155,845.1180831075021,95.12830089166442,1.198433967982409,89.57798693473529,0.6136474914851106,2
70,Node_6,499.9318341452017,72.3561314546524,67.69840736226585,61.52231798103459,617.5264659444057,96.50924985412809,2.0430244096707924,69.65317159786302,0.5687281942732795,3
70,Node_10,902.8275319736244,9.301090252209633,32.444344208688214,14.734695628428879,738.2433797015401,98.42372867578266,0.007734730150359415,17.406487018643208,0.4119087578486281,4
70,Node_1,246.14319710098403,58.61530181157286,57.02642822374253,11.43409449134047,749.0282301703628,97.08192592353907,3.6540365888192583,27.39883278309023,0.38018572397187905,5
70,Node_3,236.82661367015797,36.12063826037662,59.270577261482956,31.387401365375673,696.5291161136263,97.47730036375881,1.4118093083001861,49.988919947211485,0.3596068550312749,6
70,Node_9,209.72591381689716,36.91578310161617,40.555208182536695,25.846675387361973,404.8430977822446,98.80173756123048,3.134508288638278,59.16312859357845,0.3195683880267567,7
70,Node_7,170.611401365216,51.13303756866405,55.804667021991555,16.57628118414054,403.28849500596976,96.95436224652966,3.1464165251973735,46.014460391279776,0.2964258395785234,8
71,Node_8,673.9749516127766,89.8204071168787,89.45879792171013,75.6378380588995,870.0958812577409,96.22497241558001,2.3386561466594897,66.93555391164622,0.7491704180552827,1
71,Node_5,810.0224959055975,25.114317680530064,15.60957965270488,14.476663414772053,948.3656866668211,99.89085277964777,0.30131276485668645,13.433405149827777,0.4648019456507214,2
71,Node_6,788.2008594378518,23.568754746162384,23.951748484408203,14.653176600165015,756.8273980414345,99.9848919233588,0.1345804591528812,24.54454929649915,0.4405498026492702,3
71,Node_10,745.5760193014075,17.37725412621689,20.382110708458942,13.230497668272273,754.2809868348209,98.21898004242236,0.3795057255365244,21.668276336709294,0.3727519576830011,4
71,Node_1,199.8769939706071,42.16488223147283,63.85472111213345,27.114924254929036,631.6698609430914,97.45626226720252,1.7571394550320032,43.03761781336965,0.3483207797985575,5
71,Node_7,230.0680815078505,33.13314538984381,40.28060958349576,26.24504663670873,703.9103819737068,96.06479548271028,1.8180617822193617,57.935661689938264,0.2985259375043813,6
71,Node_4,195.62356082995328,22.766494249789883,56.30518829918252,11.610606993191716,430.7833480022469,96.35703745056306,1.2377593262793973,53.759244769023084,0.2088832675143241,7
72,Node_10,678.9451430192134,88.78443647579748,72.97042800783656,48.48966594585464,663.6246586522262,97.98002457390884,2.4299333554414706,73.54959912503799,0.6786184775638201,1
72,Node_9,520.4925028448525,86.18412104891368,81.3397676112455,52.40069541667516,744.6172208270381,98.1745970170807,1.9280182489939341,71.30852338361817,0.6582351260955219,2
72,Node_4,620.6439547162827,73.53993682592109,74.73797325411277,71.69909855139346,553.3241231768743,96.58856815273985,1.9862818385000813,81.80939427674971,0.6311150428278023,3
72,Node_3,529.0687931768803,82.06587678021404,62.43230480845206,39.9018613617731,616.163878758615,95.65910969363402,3.7876496384684546,87.06086528768373,0.5584627565606789,4
72,Node_5,504.28424033540983,74.49675406491149,63.687709232327336,26.836634604797673,600.193144148694,95.831882866327,1.7345020720545072,75.2506072601071,0.4838976320926821,5
72,Node_7,976.826081339822,7.524018641923822,16.149583708976152,9.687683149161483,910.4818182533722,99.9892368283837,1.2667287829407259,17.291681452895403,0.4705951159796874,6
72,Node_1,730.9393528560355,6.625955318692224,22.59083467958328,9.989291713920124,860.1267467740854,98.36214368435706,0.3143029135126312,25.5476465857526,0.36308034533334527,7
72,Node_2,163.2786067218903,50.82846485355684,63.04375895206489,35.32881111063104,467.65831224643665,96.8427425788083,2.41572299428371,23.179840631780326,0.3287691230308373,8
73,Node_3,336.8167847984622,89.92384729688324,63.03280355144409,79.70199976690216,731.1236933296975,98.69654381956934,1.572387238711742,66.43365277628789,0.6491689429527032,1
73,Node_6,992.9631697525051,20.051721061601683,29.682261363806912,19.088012855813076,918.2859848855396,99.88894770442732,0.8797398499082989,10.965414016806672,0.5305439153401965,2
73,Node_8,447.3137508482413,65.01864947845344,78.47388959420442,35.08751123604718,622.5715501088746,97.57505600678881,2.8176197025277134,70.3014736570999,0.5286693749746237,3
73,Node_1,970.6773980240955,6.6867154913347555,31.100026577764766,6.426581805616647,759.9589502461662,99.91737900026602,1.5271526894709522,13.648522959910554,0.45324828651743987,4
73,Node_2,824.1933527111571,12.879367032287451,30.019149869396657,6.730100251670237,952.1146910877299,99.29467987482201,1.5952995564290553,15.236607722706099,0.4467113750862356,5
73,Node_9,880.516930776824,13.570639568445545,23.195484564793247,6.002169877262493,781.7180112393305,99.7586256167882,0.1765733751043308,20.586094716109173,0.42357167585293626,6
73,Node_10,249.92918159819044,49.474267037172375,43.61890240203448,22.212564274577012,707.7405056517911,98.19656668963817,1.9528144751442522,25.17213308148616,0.3628837593874633,7
74,Node_6,614.7852749267506,69.91697361644172,86.07312070838894,75.2294252432121,547.0259554739534,97.86070245337282,3.4098153030163245,86.27913461190302,0.6837777052379921,1
74,Node_5,416.799723332784,88.09377337791489,87.71011554694941,47.875504633162734,782.0970277952581,96.0150863873565,3.647249220834008,87.89757490980142,0.6220526727812771,2
74,Node_1,880.6547598716006,27.714105109187674,28.145261657431572,5.074744929372895,993.2101835741194,99.0881712876132,0.7618477006564082,14.339440466815887,0.48359424519580946,3
74,Node_7,986.9922007858597,6.415949065189793,33.707292418952846,17.269643911183202,907.9517299542372,98.6719871642978,0.6929168203416554,19.744092434223198,0.47692537487664316,4
74,Node_2,905.7346807751442,14.339623856268375,27.97196840078802,13.149505355742503,890.1453292154793,98.18095340385365,0.250252938780434,28.299125192612486,0.44409032410507054,5
74,Node_4,863.9456559969763,8.00453490705494,23.934160121706896,19.507395837450904,742.333171783225,99.63023670409294,0.1783511175692789,18.498893825329,0.42425952207736717,6
75,Node_3,996.0814008824595,13.87440169395955,25.583754254482912,18.841971627654452,934.9957079945619,99.14029718741449,1.998260849874092,26.214287493992643,0.5195362478256818,1
75,Node_4,310.7207955141138,64.15767753979372,78.60565483310836,51.984796637839054,569.3490268166393,97.27110054267754,2.94433854469089,81.54395234097572,0.5153363738409673,2
75,Node_1,369.4826689308585,69.73559853715429,70.77794516160672,25.73462721604176,775.0016808157707,96.2340395586991,3.426484399689918,77.60780668921353,0.4979384541371903,3
75,Node_2,307.78503876190587,72.46423945214858,75.40738556026798,25.039342517475355,626.0211704074616,97.365804067788,3.056401802385868,82.30677224350438,0.48797501667339893,4
75,Node_9,977.5225800246151,13.142507453418645,17.241586273960344,12.717777903878641,837.3058010251261,99.86068600898336,0.10371359104550093,11.52328821124513,0.46109747715408844,5
75,Node_5,989.6216055059268,5.52913104928983,24.52542973553789,17.862704129212133,749.8088249302218,99.09313697454594,1.944469587705769,5.987955678694832,0.4523329253002032,6
75,Node_10,774.747850182453,7.985432446596731,31.080626898674968,14.861374642725806,741.1350918534678,98.98497592309029,1.452726810634664,11.479183230610511,0.3948199670682056,7
75,Node_7,221.16919906780623,23.321683943591896,30.017845117375476,14.824029213266616,491.7898184388985,96.85185535793728,1.8096862551280481,20.307745256071904,0.19797990458661882,8
76,Node_5,677.1557524089777,88.3625595333767,77.48154502961586,64.43898983832533,796.0050919651287,95.09153865150391,3.2223166454381666,64.60183687310943,0.6819680053373768,1
76,Node_1,689.3906762986243,67.3932245152959,68.1572214008826,60.315714640545174,627.5948035208432,95.2552455489396,1.0428405256098014,65.47228892791004,0.572760697930783,2
76,Node_10,312.7106621817202,71.16441421368782,88.60106106841971,66.0670566056862,604.5297942452464,96.3853740302541,3.9856359785564797,75.06148129498689,0.5670789507787506,3
76,Node_9,971.671568951655,22.91743292793425,25.245977954817157,10.578068184513565,851.8559385000376,98.25634587938676,1.9198677411896174,21.947383614334885,0.48121124900768586,4
76,Node_4,320.6491691324139,72.70280793783974,77.22761441058722,39.6152992426055,535.7443148885741,96.39134309316464,1.509996146732239,75.86200120315277,0.4699258909331106,5
76,Node_3,176.5334753806374,45.98901327545682,69.67530586214741,29.356617524870178,795.5475337899477,98.21675236375332,2.816367974866865,39.138704579369794,0.41304262523921514,6
76,Node_7,723.4644473097441,5.587325416605139,24.481376373451045,14.961402476992468,943.8781156003962,98.53948611502156,0.2744131155033249,5.854416957609169,0.37716914385349687,7
76,Node_6,200.16649347854062,59.47354723931974,32.399158601946134,27.79621674093393,408.88112689042754,98.37072814455296,2.0135153765231064,50.590178168198705,0.336825516130522,8
77,Node_6,467.9839551587511,82.21687038909013,85.70272243953733,60.12786348976557,809.5947470521371,95.97414772468929,2.3973345502277046,83.66639371298592,0.6341205838941063,1
77,Node_3,330.00104149092715,84.56613547128138,84.11630750922114,49.25367396029073,632.0591776477272,98.52308668618392,3.6316620441115606,77.78970179208333,0.6077491518702299,2
77,Node_10,987.3744594356757,13.88310643799225,31.51097977811504,9.455354630134945,938.7151648075035,98.94942432466591,0.3620741836954591,28.77787666255962,0.48763759652130745,3
77,Node_9,247.6509911968657,51.259833565303,49.87403675264193,31.470528809329032,693.3973309105378,98.95744055424898,3.352665264133794,37.80836808507879,0.42639928796238064,4
77,Node_8,741.2213087893459,13.742301551305637,15.800158132097254,9.78299283352511,860.4078023570405,99.10468363784975,0.8388299692702734,24.50182388368188,0.39241150311003026,5
77,Node_5,805.1632239463971,8.518608602961502,28.401637329578985,16.24753770773318,739.8708327761412,98.05592770189904,0.9916702935222323,22.86098627019675,0.386798091544023,6
77,Node_4,732.1862064387608,5.605439668821564,22.224134790461076,17.762783605471192,839.8556279095137,98.42669790541274,1.903571064529334,9.682869887887115,0.3812389712055712,7
77,Node_1,168.13046542167604,31.93767108468965,48.169961595289436,37.248248429395765,543.3327487230721,97.05348088154986,1.3838945125139204,59.811227666768154,0.3002436056830877,8
77,Node_7,219.42938156023882,33.7747253267027,37.64363217495968,34.520049563861676,513.7002153314124,96.84884291000407,2.9099041820620704,38.598105200029906,0.29440485152622714,9
78,Node_10,451.6358689780254,88.44806437307602,85.01409724986863,56.39995220192808,667.5063066114851,97.86861616071022,1.6332467204533514,86.09008124599251,0.6430235192797937,1
78,Node_8,949.1937649893127,20.204415453386183,38.656946785666705,16.988933187509414,943.5978948943807,99.34958041818092,1.630246887852296,16.37182722157595,0.5296852048759609,2
78,Node_9,953.357455889953,19.644295950304556,37.86248057579286,8.762520871811956,895.3850057650654,99.91012983025801,1.6741861647103162,7.613877651694812,0.5109005402308557,3
78,Node_4,944.4036031422404,23.688562440366496,10.992985332876964,14.895308420466996,999.2851629734337,98.821880299741,1.0833766075857183,18.923969360967597,0.4920063147919206,4
78,Node_7,174.18414061768402,47.773140953843644,49.23466561912788,15.708828038746388,796.9726672965751,96.70083484951238,2.9947517917463253,30.889097850155558,0.33062827643319376,5
79,Node_9,596.8451042675978,76.87176815784782,75.76996425737082,48.268002343088014,898.5761153675775,97.04077626647411,2.288889048294716,65.97236563398637,0.6471500008255688,1
79,Node_4,539.8398826976716,73.05441833588753,77.56789952660698,30.0109132028027,829.167482412116,98.97561677029488,3.3273785298432306,68.56612782788731,0.6275200366536984,2
79,Node_6,951.2699918937401,22.75942591170631,39.43955259848332,18.666121971492288,998.5633857175756,99.94979640797382,1.5879406220955516,26.349312795973482,0.5665575902409326,3
79,Node_2,584.1491225204156,72.94518283138692,89.53839162631283,29.611212840888875,510.8016317313581,96.80764026163291,1.2389431048578827,84.35263418974831,0.5452145494375232,4
79,Node_7,868.2057401957522,24.380935597453078,36.19571594742083,10.113953033254898,890.9412142787071,99.85464100389517,1.2193540037988935,29.217431133475532,0.5039958043971093,5
79,Node_8,933.0119502387479,12.982610055655615,24.268753042479446,19.431766658640324,953.6463878034676,98.89715766694354,0.05372659807501923,27.101200418349915,0.4788640784407714,6
79,Node_1,918.2110616208652,19.398672222481075,33.608945510101535,8.313867169378469,782.2770230182742,98.42141320287504,1.9828096302108495,25.83693006030111,0.45896208584496007,7
79,Node_10,857.0905135651001,14.09541256688625,17.917453720761003,8.217371241335893,812.9879948384096,99.1790040968192,1.2216605794657307,7.723125646083213,0.41298737578005384,8
79,Node_5,713.0790953758734,5.390380826597545,33.74470093568178,7.264271942005933,754.1861166009282,98.51959194672291,0.38730651963315843,24.326220481094815,0.34940939443757063,9
80,Node_3,488.6921937094013,75.93377894316829,82.20468656099376,64.06916617141847,677.855766901959,97.55134781701938,2.8692720388006827,70.51112264502754,0.6364189035741341,1
80,Node_1,406.0517387073297,73.34472340214732,86.35558893019369,69.20800216209088,790.2814024493771,95.80780276266815,4.0524510197878545,63.026212565638716,0.6147162760841131,2
80,Node_2,489.00267551895786,64.48382175362791,70.2550912165018,33.940534850125914,712.4182787894484,96.37710876841753,1.6077008724023267,62.538294395625094,0.501097119372392,3
80,Node_7,863.4016790051996,15.896740805518002,22.37048528893221,13.651967977520673,990.4844675617851,99.36139347058725,0.4430812888569402,27.222142570688302,0.4714564390686852,4
80,Node_9,771.4132283035211,29.12328659286322,10.643604788648737,17.01174999572936,952.7483106780858,99.70259863674139,0.13728342750658662,15.091107726294407,0.4580946804610152,5
80,Node_10,874.3943662776696,18.64388211262453,30.057442456461967,10.275018320468003,852.6607597248956,99.0072190039567,1.842830373503541,7.728648597631983,0.45658318358370165,6
80,Node_5,913.4161703977877,9.131315790402464,25.448951228679817,10.157694263088736,766.7522381770682,99.85570271798643,0.36871568387443854,16.940483011405856,0.4333164014410725,7
80,Node_6,892.4116226799448,21.949747973929494,16.606666311588434,5.403848171697884,716.9776548400486,98.95023354058898,1.4667567992029114,14.1311734668752,0.4184211975670124,8
80,Node_8,791.3753512694161,16.895020119350498,21.45893731754888,5.988319041067353,787.0855520794154,99.66535352039308,1.4774230947882239,18.393085657011575,0.41481855963645153,9
81,Node_1,474.65493262827545,75.26257957964313,84.9697296754633,59.76481599942579,862.7264626958357,98.65800258217786,3.904832878832286,69.75713888050666,0.6887573202594872,1
81,Node_8,324.4417333378746,86.10558958048063,89.65087019245182,43.04921800138962,675.0774900322181,98.35618214551444,1.2828098755697255,75.30913603065328,0.5831002143155403,2
81,Node_4,491.970056718009,74.38040444773331,64.01050328313299,23.728656890286942,830.149594108929,98.24140841287925,2.545216838510394,82.88544632172052,0.5732713188073664,3
81,Node_5,346.16842324955024,72.60672135848654,88.9072739839134,22.625513756575472,564.6218028215673,97.11382425080724,4.0330826561966315,72.6443143888159,0.500126849512269,4
81,Node_7,808.8805095784273,19.2121815396278,31.352171311753448,19.642400758811533,999.7575702255158,98.70347407709029,1.3888609932384184,28.5504139073054,0.4854701437552188,5
81,Node_6,809.127895922647,6.965518603120097,10.511082122873509,16.030271034894458,999.0585640510265,98.11920607369011,1.6989485982915231,26.488881926273315,0.4152021541330899,6
81,Node_2,751.4533180103347,14.09219858118265,30.800266682029996,10.40130096181645,787.117686018988,99.17993107052241,0.5216803813311235,23.025198728181536,0.40131611486869423,7
81,Node_9,238.70508509149263,59.316434213262525,35.839027194504254,36.90228657356235,630.7295732256625,97.31029156614598,1.7176026775380007,33.540573762487625,0.37302839586576725,8
82,Node_6,340.0870957835819,67.74713644422178,83.64485461898984,22.11279785430168,751.1355554582495,96.71445352763392,2.0290307403966668,76.54978356466148,0.4852624552005493,1
82,Node_5,963.2300579989575,24.2250884014471,17.38804703385817,6.292759729297172,876.5351074784049,98.45799002995209,0.5951183401714903,29.223168807083784,0.46231994206049176,2
82,Node_9,808.873977699971,17.809700731886714,21.292963208185526,9.758689425289779,849.3448200827627,98.26528167729074,1.0284628581571849,22.296627353453278,0.4090993256303173,3
82,Node_10,208.08642010686418,55.10558095375013,56.78390308558781,13.813308374391248,761.4838954216493,97.94508788109108,3.9382800420858954,53.67944699847799,0.4030522478114509,4
82,Node_2,712.0798020407829,5.693568130129568,29.387507991378364,7.77052685556506,936.9576331992707,98.90645056406964,0.7095118092551309,29.946304952592435,0.38991499499278803,5
82,Node_1,202.59037865643023,27.806448195894763,55.67716050270245,29.35296247776211,462.17191534342624,98.6344242102263,1.5471387739306612,20.337458361639968,0.29202336701465825,6
82,Node_4,203.03981269498985,58.9753377406642,30.767332236293008,24.23484281164544,430.013298283513,96.25539907902825,1.39188071181345,21.151150368244572,0.2659980824859401,7
83,Node_4,441.31256310493376,70.84306895218096,64.29762028905286,57.30422298675676,877.7539472098913,96.14963253870701,3.326030528597374,86.14035943396058,0.5945640390383429,1
83,Node_2,333.49351396037525,73.49708368273261,81.22177657735531,49.09954069307642,880.7409758486583,98.72553606512261,1.0315484260896608,64.69012454714559,0.592412234900563,2
83,Node_1,783.4789998844068,19.699411587019156,36.56838777455884,18.77719667951881,786.6048458777681,99.96793410522315,1.6499539079270757,7.421980951782313,0.4649234220417437,3
83,Node_7,886.5924267018113,22.336638493934554,33.73388162016332,7.5703729797759465,783.1337461457952,99.12266512571316,1.7365985675715727,8.92850856413137,0.4576892749161315,4
83,Node_6,901.0148128145767,6.64034008074472,26.991279616294026,9.883937804029362,773.9986970781221,99.595078504146,1.504111360807793,22.329696163912043,0.4360596988292108,5
83,Node_3,360.6718928801432,68.66263230439881,70.24089279516616,21.673268744925338,555.5116290535657,95.3008797932032,3.8254334098308185,77.2683842817151,0.4328686660325425,6
83,Node_5,781.8573367289258,24.252213472787638,17.894539874539895,18.859639105285417,843.9257196827397,98.32656984329188,0.3233594655803882,22.473110759051877,0.42323486064176896,7
83,Node_10,781.6741446911886,5.454561920853799,25.379707417002198,15.555111530509869,788.0902143528052,98.41225341287422,1.795031223336395,12.963845007420858,0.3860003652354942,8
84,Node_10,465.1693705499093,81.8353911518484,72.20855401208735,68.86896935012419,515.3602576368208,97.02225538674111,2.0553540016853873,61.25931869408872,0.5891604155600798,1
84,Node_8,303.7991484823133,62.736561842975895,73.01052226683859,74.57207971072617,622.7813437346313,96.64851439706341,1.6800451372430398,80.77418823167184,0.5318193921048777,2
84,Node_1,924.0176451073797,7.3011599051831055,34.297198842987186,18.435526862169063,926.7194517563213,99.21067666393965,1.7100197392804481,26.079646042113527,0.4920612516960209,3
84,Node_4,942.2334082286527,25.927298739594978,32.71948603824036,7.3631453517777,727.2262162393782,99.93324756982743,1.872169114854252,13.051258483718915,0.489981747701024,4
84,Node_2,851.0253309216175,20.64684212918465,32.54748693451112,16.07841353093204,761.4506689577311,99.36656911648305,0.5328294815821497,11.883888876866026,0.45045593150978136,5
84,Node_3,851.2942214116517,10.740147276027344,23.867827334821385,9.666679892038335,870.3958785700067,99.6225441669207,0.15485002938676984,26.57411569248388,0.4325011826256748,6
84,Node_6,165.27531338642422,59.01768329693755,62.56888770720917,36.56115867064925,617.488408376051,97.51923581493052,3.941148837967704,22.840574427747825,0.4029604576655561,7
84,Node_5,766.4172787223563,7.644925161502851,27.75223050254349,6.289587507287138,890.2075466064837,98.47550095741856,1.783480016619791,23.066205866817047,0.3948458434884071,8
84,Node_9,246.39308894233943,28.764507641467407,66.1086625320377,28.176903391052477,689.0957843958249,98.43033789141117,3.0539270649911714,57.92468002533108,0.3866956580814638,9
85,Node_1,665.4651740974623,85.16005721579518,76.58096726561604,41.503613106248714,674.4544823093323,97.67426252908163,1.7959650494030899,72.3280893763197,0.6460323641374206,1
85,Node_7,629.1692996167615,63.73608380150978,82.35982694462596,49.554317083344415,870.63651684519,96.68569523062207,1.183320209112904,61.37808880924788,0.612382207260611,2
85,Node_5,538.6121993775744,88.53859396398443,66.68497544491326,40.0645066526178,716.7093637614821,96.0926234714929,2.036680043585599,87.87635979668016,0.5895098605158966,3
85,Node_2,369.2839993412271,64.58071627733635,85.84035265586428,73.24013560327381,622.3035498653354,96.72986968062231,1.7626828711845648,74.41994723702392,0.5663248660043275,4
85,Node_10,935.4003446751613,16.649357132990016,30.309831238722673,13.145411334278045,793.1635061642081,98.75379895475285,1.057779439490174,22.101894162236633,0.4603033001408292,5
85,Node_4,876.5943414218674,22.062380038548717,31.109676701732983,7.397773448426206,730.9986914247547,98.62512637115314,0.21489359636746275,27.514263240489342,0.4271455292346696,6
85,Node_9,788.4348719302279,6.145782033804238,32.03191705742543,5.755259448430037,820.8561842029903,99.64889879480657,0.7919939078327192,29.016983168554287,0.40721188715409057,7
85,Node_3,240.1744016542712,33.168579619115214,39.15458712256965,37.78395598817642,636.5482809951961,97.12518563142899,1.0789887917195422,50.134474543297834,0.32133834539503636,8
86,Node_5,432.0930842393233,89.41386411109494,82.01754927543247,33.58545973730055,650.5979234568581,97.63497377904478,3.732357787710885,71.93202566761873,0.5960011324539615,1
86,Node_4,934.8992376076053,28.61468553344665,33.080342247689615,7.467455656602742,827.9178273469645,99.51882687560136,1.8586116496908829,25.1424630771935,0.5096514221422381,2
86,Node_8,985.0951092334117,22.154013145483216,13.660984067695026,15.083399682146746,935.7658607030778,98.12140604433478,0.3319318234570423,14.001195601355064,0.4687652246873544,3
86,Node_10,968.1668779100198,20.460529141190293,13.543428765702942,5.076273243832066,987.5008139358382,98.22254916182106,1.1272021010595694,7.47550827503408,0.45511111890045236,4
86,Node_1,986.7248693670737,5.517363942586277,13.12711842128544,10.183323863665482,884.0810999824057,99.59157753787773,0.004364321276780991,23.506899390552796,0.4445746951904581,5
86,Node_7,793.7984452902367,9.408365310054393,19.74694859162756,5.712166685199758,729.3165630872329,99.37690534803775,0.2538533434428183,19.701698031129688,0.36925652108435914,6
87,Node_1,680.7636809365058,63.13499746007268,80.98832082237217,51.61099685953444,826.4602076932972,98.69323284991475,1.0053667619649844,83.06622970548696,0.6708346762105455,1
87,Node_6,331.70744637611296,83.24529456966518,61.53084594255772,33.45766876793494,632.0078331971865,96.69299659698073,2.1685268481021804,70.64389947335057,0.49025251255093893,2
87,Node_8,346.5906657873735,66.40126960459659,62.69362040855127,26.52281616421938,813.006745814732,97.34838599594767,1.4980189012555445,69.00921115349504,0.48020037022062984,3
87,Node_4,963.0530217660621,7.128718382469224,17.498471609917228,9.009781794855389,843.16799986258,99.41823780469419,1.3170162922187474,27.06321205012908,0.4495136812414069,4
87,Node_3,729.4800266544685,27.27506867861164,10.210725017879863,7.2426799197686496,949.0511972385726,98.12689337107186,0.8269773390659094,25.405447505007658,0.40275701510079465,5
87,Node_10,239.2952232551013,44.43159236880073,57.30631306891455,17.616750929695755,689.9814995746269,98.33793265899867,3.7841332217985517,27.749633002493383,0.37625419191440196,6
87,Node_7,162.70174622835714,46.4296329538209,52.68702229586514,28.93533132507146,511.4437822477544,97.45299171887984,3.8351339415321277,28.60362652102325,0.32981070660445455,7
87,Node_9,188.38741914230263,46.958666509733035,32.50822619350529,34.48204868530073,439.88909989435746,98.90228026269541,1.995486198922347,22.87697710221931,0.3194732266226204,8
88,Node_2,564.7868863477704,74.37053241312606,62.55188168263362,76.60252015974719,848.1674492850163,98.68028498202966,1.9573968633539334,79.5771005476433,0.7014650652299955,1
88,Node_8,639.5573602342055,75.2822543453816,87.36307778722156,34.45623865175272,780.8396045588119,98.4461384472391,3.6288391940479703,73.22953086631675,0.6682658797186771,2
88,Node_9,640.8587333763069,84.38323052264131,63.20866267514597,38.30944340784549,705.8271547184926,98.26826510557774,1.7309159093330129,87.73174920859687,0.6393831676994324,3
88,Node_10,783.3486611383522,20.32317832141422,30.767222099536426,15.5586340801067,743.3706533413358,99.95917153340156,1.7330327706915734,15.966723523487387,0.4507817004822038,4
88,Node_5,925.8432255213949,21.95811543930208,22.799563442851642,5.045876990759931,823.9581891675144,98.54973953934613,0.24512449888854215,18.29760587466184,0.4346700980291269,5
88,Node_7,760.153315218492,7.305446133520555,30.441456750919702,9.880949213309572,889.9488998062787,99.97015330363458,1.5901390954695807,29.464516956892783,0.43436685919382534,6
88,Node_1,166.46408803502152,34.600536219892085,51.09158008137773,26.050675128327562,549.3206028357472,96.53766052945419,1.7642667352175403,36.70675290573563,0.26860454921826915,7
88,Node_6,155.10640089836653,22.77301143079106,53.73280310916269,17.301662289960404,508.01549925097504,96.88394946358326,3.1358624322142914,23.56603755143448,0.23142690511522376,8
89,Node_4,681.013347507426,84.01577110668246,80.85024763490026,41.93352749345228,690.8891238664713,96.6065737329035,2.3700704070285536,85.76667577684745,0.6485971383240141,1
89,Node_8,426.0758084338808,89.38700881808857,83.66266641157875,36.52872787044264,635.6698108738634,95.5113432847714,3.7840725514170415,76.14247112440944,0.560108576562659,2
89,Node_10,933.3008007444505,21.808248121145716,18.29995163029814,12.872520124866737,852.3649720468139,98.54445589447975,0.9251987672023549,29.15815273088107,0.46390055046129886,3
89,Node_6,930.1852921985342,28.75511908485549,11.445850705455191,19.246622626092538,702.0835459805808,98.49429904937737,1.3918076520900924,24.248601840724582,0.45854172062777904,4
89,Node_1,872.6643456478478,12.279489187151999,27.788829403779786,6.652123404449064,906.0218055194223,99.49968948583307,0.262499981620844,25.730986584888576,0.44481888299274125,5
89,Node_9,948.5787991510213,9.964190343394604,35.03906341283005,7.035093219141961,830.7021107030878,98.73360473558601,1.3032452488256705,9.809004552604943,0.44427678441130974,6
89,Node_2,211.66257635853782,54.579825413009566,55.73367462408635,14.909314026676356,448.8734378236094,97.87484114174126,2.7943389179111824,41.68273438593047,0.33214557532757566,7
89,Node_5,167.1678785085045,43.707888876840364,63.748010582876645,29.291454867732387,585.1352341536553,96.90933694107497,1.7709705516700596,48.61609761522986,0.3314266798705606,8
89,Node_7,162.63981286987126,20.374898278957122,55.96633833432713,24.945773977119668,593.3329838196604,97.2297576765111,1.5777345892552965,23.645696523857055,0.2518692431952117,9
90,Node_2,649.9330659435157,62.2849541246745,74.04463496641296,61.68095654179223,817.1455724837829,96.45515707350309,4.218164452006237,78.18821623775766,0.654945958033585,1
90,Node_8,496.1058678225769,89.64113953780951,74.8634734095728,40.691617633028166,882.8662157329835,97.98123434314071,2.1704492338419215,73.73011794618775,0.6505736866340389,2
90,Node_4,890.6334754281744,14.635604437636939,35.914100834392016,10.892478145961789,931.8980732921659,98.07542004614658,0.7453018292424305,8.633909281437356,0.44484038306900386,3
90,Node_1,863.3251343448968,17.271566167082714,15.315700494306864,18.45770143214418,744.5418955816565,98.70765192707776,0.1296644266367828,24.958697164361304,0.41682643222322696,4
90,Node_6,244.3984512685166,57.23358815222867,31.272137066373805,14.759034977214263,428.1957469378223,98.76786781739744,3.0383071827178094,37.73130744466021,0.3309173415565116,5
90,Node_10,186.3736213546767,33.082793408752366,56.978412252378654,22.890392633752825,465.9351776813688,97.17109815802034,3.4448816700308997,58.053714636752495,0.29923694280675645,6
91,Node_1,536.8816959604812,60.842271000097476,87.13800005727938,68.8361126650276,827.2441132399707,96.0379569796107,1.3842583108680921,60.04852574663768,0.6059362768243601,1
91,Node_8,775.9199139235172,25.03157782122873,25.67224442174163,12.725233843990882,743.6811153141903,99.88391608671859,1.8843099133761918,20.216275134149218,0.44956601518055905,2
91,Node_4,812.8774219861815,28.38561631820165,23.746124362340723,12.312468233375895,833.4397056378623,98.32628217143692,0.7995947220870385,27.657130454659864,0.44114597057590627,3
91,Node_7,764.2441332992832,9.713389947695973,23.701065182430085,17.877827238718616,990.9272709746385,99.26066051457559,0.7747011655330132,15.61374732688698,0.43521307182437463,4
91,Node_2,701.4204243796504,16.66483060887412,18.255926479883616,14.87129552333718,807.7027378111198,98.73197072987963,1.9008600052257159,11.26877834961814,0.38812669952875417,5
91,Node_9,727.0695851810523,7.171425967757312,13.733941540420108,18.577366057012775,748.3613899216983,99.51259632948663,0.6921409962833482,14.07345987202535,0.37110792520883346,6
91,Node_6,241.7852961881624,49.18203466370035,37.46236775071139,24.766315310731372,532.7315280041171,97.53344803620261,1.1835985844992698,55.98556026603268,0.32437987322120276,7
92,Node_6,350.6398259598445,88.29156752673812,67.41976154370052,50.12521979992681,779.1883502519836,98.99560550631294,2.8311698324918826,66.69907710339095,0.6224388195728019,1
92,Node_3,948.3892140067785,24.816522271954323,29.30433080410004,7.422859298627324,789.9971542003016,99.77584570992003,1.4146879554306893,11.698786767018353,0.48706138647637365,2
92,Node_7,809.6648074033045,29.490088287719413,38.960591360815705,19.982840265378492,793.4758377187492,98.28050270544922,0.4836260970299078,19.439265946121893,0.4617653870967694,3
92,Node_2,940.005228339414,16.915595478883418,35.065196916243586,16.038940786622675,756.5270084714067,99.1208592281542,0.5635869547139514,6.868241706294505,0.46173539868041635,4
92,Node_9,153.511155394335,59.037409699559234,66.3445384893524,38.48683166379749,510.10805677900044,98.21020766039254,1.0720853885105344,47.39569498475567,0.38918119270660845,5
92,Node_8,779.8828102781803,5.163483534981085,18.870426284941924,6.021795576280564,889.1535720037507,99.33368752377754,0.02670372638531715,9.558792237610152,0.37335030236911465,6
92,Node_4,212.4059885526374,52.953085237806675,46.18519474801392,35.047707298904506,629.5687641157297,96.21010449734118,2.5057483967146883,44.88801871506945,0.35279425037864887,7
93,Node_7,918.4999558639317,19.13346738558804,28.64714186793364,11.329569531542592,710.767553490831,98.92725562041423,1.8242249294177566,14.531738997864275,0.4486142350557042,1
93,Node_4,932.2122618703413,24.360802840749518,11.060871638826878,14.396522868113754,711.6786449590536,98.60025756408733,1.5449489938940106,13.32356061986177,0.4383384967308626,2
93,Node_8,796.1947568943291,21.39290968939173,20.886980296961788,13.182243324892566,862.3902577364341,98.7174798519011,1.8966372088159211,15.679300437037789,0.43610328945977944,3
93,Node_1,838.7082910935073,6.11554543329935,14.046966483460784,14.589457668685476,843.9787916622802,99.43972806793954,1.1307902373865937,20.030375753089395,0.41436249858086727,4
93,Node_2,193.83862167920614,50.74106727763174,46.37645295937848,10.3048183944555,643.2340567479001,98.8186088012055,3.342488992906245,49.244114355109616,0.3587094419022009,5
93,Node_9,157.12238047925234,49.34942397810105,66.53286672371493,18.494571670783458,669.2418684826752,97.43271701790657,2.056929794696104,50.772046885550935,0.3516030281526274,6
93,Node_10,234.27232686418404,52.973637039323606,37.559043252869756,30.424239682757378,435.5196682512496,98.5798602357679,2.613575775860677,29.80638017592875,0.3466374638170611,7
94,Node_4,536.5176398131402,62.69947750123472,79.52502805600642,52.21290852982374,814.6682169848475,97.74380197147563,1.5766973771673478,80.60579470339917,0.6125656651699318,1
94,Node_3,321.3379744859956,71.35801858850859,70.26461987200031,56.73056899310646,895.4458730403422,97.53566763017508,3.862543001992669,68.96178336011266,0.595184365932557,2
94,Node_10,814.1916640336847,10.489395558770003,39.60516130038327,15.475430647823375,944.7809870298647,99.26820990473823,1.2805351376615888,11.400462699195803,0.46106473631477163,3
94,Node_7,755.6621538693848,26.611801175016225,36.79529648168506,17.001280494970548,754.8137690088298,99.63866433737047,0.4629662723554595,15.06341684726634,0.4497806472767184,4
94,Node_9,221.5266613156889,46.35767889409019,62.77661856701093,29.70014727985974,777.9388484851559,96.68061897654839,3.66050496950417,55.65773539625361,0.4023848504256068,5
94,Node_8,880.1631181989244,18.38730646767111,15.053756111020853,7.643603954735264,720.0366146447278,99.253031395598,0.1631548143050212,6.237947898934011,0.3987853109157563,6
94,Node_6,702.8945133218322,28.60064753352465,13.874598020498018,9.383501978303789,808.42436852549,98.11200247949219,1.2505365179468149,13.841890869263445,0.3812551374859449,7
94,Node_2,162.99575689626164,53.460433283253494,42.192154656890736,36.01318884525739,403.104135804747,98.81060794456982,3.125121988742504,40.6348795974997,0.3552331341904878,8
95,Node_1,699.8786348574074,72.85227888445897,74.56764064471098,40.19228921629782,785.6531746074559,97.88408847062645,2.0706758138315147,82.93635970409616,0.6544719595964799,1
95,Node_9,576.2223330899014,65.59785328855422,89.40042236638055,53.6775445943784,520.8163926243692,95.78801815193974,3.780493580659424,83.1885057451253,0.5806909177874569,2
95,Node_6,574.8500412131579,67.66775867445976,68.13853072738704,43.54720800449079,719.9615429062029,95.45943693171607,3.4603480343919406,82.71328559746877,0.5612252449374271,3
95,Node_7,482.8019892832075,81.67140348630221,76.25130656168349,25.582677158878482,775.1146597515025,96.95996020601136,1.4990203451420543,73.24231054635364,0.5553151823462963,4
95,Node_5,847.2043762211428,13.7019892331231,12.139847303610525,17.771369282699467,970.6354487699704,98.22161168293657,1.1839118458020894,22.68442413100603,0.43631401303669826,5
95,Node_3,181.15871985998967,52.17393606554733,47.31457547196968,33.98485129696808,547.0249273874447,98.58827878334203,3.5136298548453,53.71730549004309,0.39045917831500343,6
95,Node_8,195.85749965578478,49.65778925580551,43.058398742728826,37.11868447876492,774.80209294112,97.73338475171744,2.628128939760987,23.44250576534953,0.3850888187616773,7
95,Node_4,730.3854389395768,7.878022922094905,31.482351683451874,8.453777174596516,858.8933574645407,98.62168730262573,0.1233961844473146,16.43785590308222,0.3717674653508359,8
95,Node_10,206.3130184998434,23.649593878735192,43.72254230238056,21.05941429157332,594.6956429260199,96.40036249808126,3.548060306255218,26.97281348639101,0.2533911878903329,9
96,Node_2,391.27881367261335,71.46758399287087,85.70118455138834,24.797083221921767,544.4187409141682,98.42027896285273,4.296583552288167,66.88766043498507,0.5326604094224742,1
96,Node_10,977.3237503462694,9.08499213971206,29.326303314296847,18.080075906618216,954.7902618737689,98.950821988117,1.7473936090506783,29.04657074039955,0.5054114584947949,2
96,Node_1,977.9342689607249,17.75207468930646,25.62340062665552,7.107534799283837,940.3506022799502,99.43730524570815,1.1744222551217396,24.57639006813635,0.49737742784155053,3
96,Node_8,906.4127614142259,25.152700359097146,22.64354845727017,17.584496310799803,902.2929266138885,98.11665060029921,1.8698692515169122,29.154175098763098,0.48792693006235793,4
96,Node_6,406.7034502861202,72.72837417218668,84.04962403113774,25.76208814301414,520.7180867669833,95.7527122287501,3.7980830636765104,65.16147812337336,0.4763669070840927,5
96,Node_5,716.9169884538491,11.936154476732419,38.61998022878281,14.027794102573488,958.12794475881,98.22484245346779,1.076113807458361,14.110185371371205,0.41395059559776953,6
96,Node_3,721.8619456318023,22.61238744797648,24.08747366282197,10.894291916949795,858.7578440756928,98.6169331874729,1.119291617101544,24.887170109960323,0.41231564246649777,7
96,Node_7,162.61222132998324,31.31777343260502,51.426171571590885,17.577979632808116,463.2662170996505,97.2720208284777,3.332523120482799,39.249495206957285,0.2611524130224112,8
97,Node_8,340.6128384027551,67.32678598835696,78.39851126905491,71.41803749932984,687.8568865102836,96.82730253950129,2.0147605344201756,85.13343526127997,0.5728634615354117,1
97,Node_10,984.5591210618193,7.133036355844414,33.84028748492348,10.887450119510898,702.3389859571031,99.19897769439552,0.9212383312948955,8.612754621796027,0.43761506144226564,2
97,Node_9,899.2851652205483,10.300252139325279,18.912143288320802,16.07986526623735,745.4657055905171,99.76846987133872,0.821520177449691,11.650124535305473,0.4319586351663892,3
97,Node_1,861.0283135408888,8.229599835022231,32.876835421612896,7.839786111130768,787.9393164452886,98.55058872086417,1.8232636091588006,11.303143957575358,0.41025196867575753,4
97,Node_7,158.61581891694232,51.391599564606594,64.94618784615164,35.751095244327466,488.53181801203175,97.40123728225714,3.5151347831641138,38.164532675903445,0.36591567754891213,5
97,Node_2,209.52281788992332,49.89330246531029,47.0734804059419,21.176128939907137,478.95585838399165,97.07162231592277,3.3732617198101322,20.623173773345012,0.30588392195643466,6
97,Node_3,179.23200200764344,42.13296920461286,42.95668486595923,32.65200651174939,452.3197915710645,96.40385987749549,1.2749057821318117,40.80529589928468,0.2704645195843298,7
98,Node_10,486.25320248233163,61.761145486430486,71.96668830740296,24.491428628825766,870.0529248008843,98.64945500348803,2.075766030034081,74.2127229407866,0.5604100799941953,1
98,Node_4,485.7234775273837,68.7061418637006,79.76822724599191,46.975647276380286,556.3881318515889,95.78304432222434,2.5534804499830215,88.09246576483223,0.5332990537427915,2
98,Node_3,948.8473417040843,6.491207912598858,26.366386196382656,8.495243991892353,868.8402841064141,98.28893091743456,0.3927368702365448,8.971708475539401,0.4166057334524869,3
98,Node_7,949.3622013252027,12.181390811587265,10.987846110279865,5.112222114497915,820.9657218717975,99.39602691219554,0.033342300366983046,10.685377330214852,0.4149253007814844,4
98,Node_6,767.8909113462537,14.852464536901689,29.044769108822102,13.42079678030649,807.0542626126033,98.53682066952746,0.912610716101304,6.534325384285021,0.39662447438086923,5
98,Node_1,792.59702255505,14.764704527504865,10.449192839367171,5.292733151010233,829.9823142015919,98.41142580828352,0.0068479922012820715,23.83463557813279,0.36565876412010984,6
98,Node_2,214.80389699574914,58.153987407497155,31.331222965270715,11.869935309180219,791.5207679608743,97.1605427141474,3.510152441761329,38.92050728899775,0.3528244090283563,7
98,Node_5,225.01765176416592,44.22557169733034,65.35305356934236,24.012951007396566,442.1680609096451,98.56692289964163,1.399667435364948,52.611526765988515,0.3479262722731121,8
98,Node_9,235.63761329770765,45.438077432474415,59.65565176838407,38.091569598617625,442.34213403124966,96.16821185451703,3.0778504550518937,50.14758348411716,0.3420739678109323,9
99,Node_7,321.746864291862,77.10578548890646,84.83651938966713,40.013670462384965,886.7894161558593,97.6612416947071,3.1019693993294606,77.33398826977353,0.5909660665037839,1
99,Node_10,625.1366596164025,82.31031467981157,61.111953541086734,42.34814577957741,778.1155599108954,96.45361290135249,1.033045702966883,62.60865764246167,0.5906850119551084,2
99,Node_4,432.532400669421,83.3666529031,79.66044729834509,29.403111516516503,753.2330158213714,95.74332447920311,1.7016054086406491,82.59702940601086,0.536264184770618,3
99,Node_8,404.24928403635045,61.131906923271124,64.08366451896255,47.56726801564706,565.8217212173187,97.89523934380126,2.2150465893188023,71.79876640770158,0.5067930097181866,4
99,Node_6,873.2245994942975,28.038486863694033,32.83010332965557,15.178901005857014,728.8181712566328,98.43254347992797,1.8975606981013236,14.21641004292057,0.46242641254326466,5
99,Node_2,226.22013614765032,48.35378230114057,38.56603188385792,21.82187003182564,734.887448980925,98.86314121221407,2.0824192254746507,24.48740521372322,0.365482094854384,6
99,Node_9,155.30447102244702,41.508249807920045,61.43601336069636,37.586843328112074,714.7969441109746,96.03010579588319,3.6216569383858452,23.203478250574562,0.3453583865623783,7
99,Node_3,233.09732736564112,49.975254443574165,31.75303446596548,27.82348051041306,457.8670812600242,97.47117940344526,2.731932428895337,35.746916114705776,0.31322378976660287,8
100,Node_7,579.8606886118303,84.36479258498517,62.596662539079944,44.06698635051893,545.5768514512581,98.32738792142229,3.985578729490947,73.6371658229836,0.6223387554339189,1
100,Node_5,443.5949738817156,80.37560761528005,77.69951002907808,34.09021420777182,663.7280340664444,96.26944451615992,3.5140375317808497,61.843765796644455,0.5418130223809846,2
100,Node_3,912.2399068968589,24.235952486314062,35.6941084949209,10.466747941054562,789.6806023798106,99.64734436822944,0.5748365849484236,20.45158165557921,0.4836461212499489,3
100,Node_1,986.1611916788924,7.969070596162524,31.251537249751298,6.932090180341423,858.207008358238,99.82540589360991,1.599716664673837,22.248001313119985,0.48163776535552394,4
100,Node_8,859.740173957985,13.125909124847905,23.57046064944422,8.188408720466299,743.638890884475,99.79680917919578,1.7117738366276156,21.778940631459232,0.43208511041136616,5
100,Node_6,822.0044881575669,15.477870844957865,17.615110259462362,11.592361362327248,741.1941368089406,98.50832182982147,1.2548500556363749,15.32721151860584,0.39186253660172166,6
100,Node_10,248.70214333597661,54.295206902768854,33.301755180872604,29.49284019258193,545.6391486581208,97.14287945166521,3.494481653871916,49.4053976558404,0.3557091918956893,7
100,Node_2,235.65003469921675,35.02290041738566,34.312737074046275,34.98866349660716,778.5856832440122,96.63167181626713,3.367312498146213,58.7272459277404,0.35401901515374085,8
