cluster_id,node_id,free_storage,cpu_usage,memory_usage,latency,bandwidth,reliability,failure_rate,current_load,expert_score,rank
1,Node_5,714.3731702844849,22.67620006762423,12.264042088683535,19.755327340066742,917.6957240739068,99.36415845176698,1.704502988861162,16.988731693423766,0.7988984154115701,1
1,Node_6,835.2530777817469,17.740945448531594,23.336769708834588,17.392401953634064,750.6697109870177,98.21026032771074,0.9760055490905635,11.782597622322836,0.7935899810036254,2
1,Node_3,247.18659715078428,26.48008817901941,33.86446313776218,12.902972324772337,775.7286004804643,97.89503874014856,2.6797514933670827,58.590578532323725,0.561467262670403,3
1,Node_8,162.17645148628236,37.68291250421301,31.821994181946344,13.387773826989523,613.1880984903555,98.99730353350351,3.7227340803826694,21.952035633445707,0.5194217837292483,4
1,Node_4,192.4325236056282,44.3168798218821,60.17494505942015,33.009915785391314,768.6745564536968,98.85660889938111,1.4242068616919965,37.793731586489216,0.4756834730672587,5
1,Node_9,440.71272973531086,71.11299602495086,78.56787607816176,22.953959115274397,779.8163399911101,96.378350018045,1.1491744059253355,81.71523904340448,0.41286529504105146,6
1,Node_7,150.6614312926624,57.72352291266591,33.475360838042356,36.11327354897256,592.5321534485223,98.29434780835707,2.7149932042878824,45.129637834851096,0.40386996053174967,7
1,Node_1,621.0840048078767,76.33334705248997,72.94030218362916,60.49372076562003,725.8176868028056,97.65234834060719,3.3126249300162587,83.10689252178486,0.37739513586955764,8
1,Node_10,372.9871474722429,80.03304002419458,66.35756207044217,61.28307918439711,753.3955172978742,98.78824727928288,1.12573657379414,61.66588427087491,0.36800234920077524,9
2,Node_9,991.6840497395931,16.907354645872502,17.68309093105137,18.52762302697955,933.305148188376,98.83749787378456,1.9005451933122117,12.697440865172275,0.8769224568679329,1
2,Node_1,964.2118293184653,23.32838779060713,38.611942426491204,8.27713125628664,903.8209985366481,99.84961788471064,1.0139999926947114,8.474406378622236,0.8759021987100096,2
2,Node_3,998.023621039534,17.63139004913667,37.24763911858321,13.282386852642581,771.411928000713,99.60914623955631,1.3859942879425253,11.744996778337871,0.8572346770554626,3
2,Node_2,912.5605997805912,14.761219037982771,12.555362806356179,17.94965573776615,848.2827742726472,98.18991420991131,0.7168287363195815,8.31504484115353,0.8544282658398891,4
2,Node_6,834.5977283244109,17.77670260407984,19.79837182156637,16.54327231209178,801.3533355091838,98.64586351336371,0.9881501413662488,27.558181350477568,0.8077234111458943,5
2,Node_10,526.8614230725194,62.548533367350366,70.66106314517975,23.623886626727558,535.9555716720489,96.1858214416972,2.0411512562845533,79.07698299100433,0.4124231844069846,6
2,Node_4,683.2745220109771,73.2748021570859,85.77526646451781,56.032558897367444,619.8686831859684,96.24959154448686,3.6958992715722543,75.81910856474468,0.34884838661429407,7
2,Node_5,396.0994961356769,77.66640309266535,87.7250787131212,42.7023136657041,569.0442472829616,97.52693893250611,1.0007814887493258,76.89400941947892,0.32697187718570075,8
2,Node_7,354.805998174121,70.87852223497558,74.89161396144196,70.81400747440857,609.8139759946646,97.5435686319218,2.0445737357448994,86.01985716350573,0.2820237949815073,9
2,Node_8,391.79443564509256,80.752442757567,69.47678477594948,64.97156018907543,676.3576266337236,95.87851898290107,1.487338120466478,76.77254179672805,0.27730911543063963,10
3,Node_1,987.6629724628302,20.5490605962776,17.976534498485943,9.883074566797582,885.0366624438782,98.90006860698809,0.25008744939186944,29.86683185181372,0.8848077974600596,1
3,Node_7,967.1579979657322,11.38755852820168,36.85453406030897,5.169533556123263,735.4087105800028,98.70738238634178,0.885444884657806,22.268430533152532,0.8543764905875736,2
3,Node_6,733.1805718047976,13.218462298258517,11.411128108977058,10.761238722364906,754.5752205669799,99.09978575454598,0.17258268860831705,17.099915111198225,0.8269774382729188,3
3,Node_3,172.7297533422992,36.14286505788492,59.955240923382995,11.614538711949487,470.3446355788154,98.83076730184699,2.570652927977832,35.317073833015634,0.4711133177791665,4
3,Node_10,199.66687098658417,41.16130247381176,66.83025314483535,33.88148691251567,628.7711161122627,97.94735190369133,3.337253508798365,20.468867614800313,0.42363520873916927,5
3,Node_8,400.04514423514445,71.52996178476518,87.64585950604268,72.49387542505099,867.0992236268951,97.15146448664913,1.0276747885793927,79.78195857924564,0.32251331855194143,6
3,Node_4,551.0423951586477,70.67987373477459,83.21786233080192,75.04071754957177,528.2871203662919,95.88381639156194,4.313482130093709,89.69375240256377,0.24660112482184973,7
4,Node_10,776.4948921669611,8.961453676504249,11.283194097286119,12.908822062979345,818.7695604930755,98.76265620152454,1.2024368202133384,16.92663592365555,0.8380881544150858,1
4,Node_9,220.8687137350247,24.531220931318558,43.94720654373796,15.772843607560148,490.91376211603745,98.48756601061784,3.795745109389925,30.718988700614176,0.5088500698772399,2
4,Node_4,246.63917041882536,23.308365382935644,30.635767934462006,37.1165984351632,701.7945271024984,96.54773608645552,1.297986463212399,45.83986333692001,0.5056050716816378,3
4,Node_7,189.23490925937534,32.42880445336016,45.584585260667446,24.056064207366237,707.943479354776,98.1908423823161,2.5203288269189725,47.458853742829994,0.49759093654203773,4
4,Node_6,200.1972557731474,26.068567807169913,66.73723416636204,17.734820375011992,569.6927596665391,96.16388890292347,3.2993708605087897,54.035754588832745,0.4259464582004179,5
4,Node_3,543.7857471884092,72.18646460203072,64.40396345418901,74.85707909771827,765.775079082044,96.1614711266311,1.1045013974641913,81.84700334573952,0.3467055935808936,6
5,Node_6,791.7892844623905,10.447838947570139,25.35740069778076,17.86254171914249,897.8780311258577,99.92686974696815,0.4421536774181496,29.783863906335533,0.8484622637837466,1
5,Node_10,776.8824285852786,20.183091588690328,25.103109355384586,10.045829654776089,967.7596863930468,98.1153020829721,0.8840640405497795,26.21792180893443,0.8116164286095265,2
5,Node_1,733.3028386807448,24.28482551422736,13.049952458169821,13.339932373214776,715.900813732175,99.79188607658509,0.8735420395734286,7.571654403948862,0.8008937219274738,3
5,Node_7,799.5583169884115,15.852083602541498,16.830656922330977,12.960823640418976,732.8031356365681,98.17597083940336,1.0860929456572026,26.434351803314744,0.7919637483264633,4
5,Node_4,174.37463259595398,26.641657260994307,45.99833166803561,25.657147029096265,670.063000311749,98.44824077096014,2.591897252229467,45.37835994789718,0.5018787605867974,5
5,Node_5,183.1180835194076,20.664312135372516,62.30379155543928,31.418229197108996,487.3633726504854,97.2777388925319,1.431524966875301,47.91413287865426,0.44202148152931514,6
5,Node_2,219.921215204732,55.41416387427776,40.29546710063741,15.261535581008063,423.8044889426175,98.76492271794419,3.195590436718531,45.588622510631254,0.437648298441335,7
5,Node_3,614.6698431226469,77.1642518079483,82.38044992421996,51.994388274445356,719.7109853877635,97.06357079657016,1.6150127964281,76.18554214194896,0.38699343112624,8
6,Node_8,940.5178277737245,10.120738591874574,23.44983380188139,15.983514458316959,914.238207027739,98.4616877611262,1.0495464706043338,25.497637122668273,0.8663755162947269,1
6,Node_4,782.7733704744721,15.670781412079847,10.89241597262481,17.79443056583043,995.3449067456208,98.48350105189498,1.7101898759176122,17.904453576230107,0.833865173423711,2
6,Node_6,794.4991167669475,28.559390091292144,32.425917741263596,16.872847200172004,902.656490343174,98.11349181909573,1.2317739751247876,18.8770600118283,0.7648028301145371,3
6,Node_3,156.42572917152683,44.97925616367476,60.08836424159431,31.54492125052226,605.0987735315874,96.57954503058443,3.1393358349452165,35.206600735902384,0.37872995071177573,4
6,Node_10,376.1851628626313,74.46595520458305,64.44286484214621,28.437183343997162,769.2564748991219,95.58977387487624,1.6877575277325816,77.0662922264363,0.37384518273301287,5
6,Node_5,432.24962726711703,68.56234574392258,63.21876495848414,44.923148341119216,816.2006435487326,95.7296393113855,2.681608607197175,77.73722068701115,0.37140606007288174,6
7,Node_4,950.1520649420052,7.222241555812332,33.47852800260199,5.984482702529885,764.3551414981432,99.8743965076845,0.1596668273994717,12.798864396104864,0.9021823277497671,1
7,Node_5,749.4406557694223,13.81459125211223,36.639066099675944,15.673027547733279,837.1858829913951,99.71684002430551,1.4298261311504208,8.879485943065863,0.8069148969159973,2
7,Node_10,835.4225649340276,27.590999705821126,39.3246239205932,13.26719075924924,728.8475575130375,98.09631699879282,1.499913077518991,5.3439142790114955,0.7524357347917758,3
7,Node_7,196.63984612171038,50.42506201279636,38.805101425839425,18.402561351515097,611.3934972711647,98.89541110995916,3.2826596305467124,54.10622520926192,0.4661209591760294,4
7,Node_3,547.5231092050263,70.29906627629478,75.71645783609316,50.41569730967232,721.0168015182319,98.47227821974171,2.2262277192989273,77.0978439376239,0.41685770140692807,5
7,Node_6,662.1222676235371,61.33330510849781,83.90298472331568,53.90706112533409,890.9124898266609,95.8211512180992,2.865489204266031,88.72645881448824,0.4138392800041151,6
7,Node_2,521.084371100215,77.53743416044065,85.86846503896788,24.195873085292533,561.9387113033052,95.82898360664032,4.307680261962476,63.79813128216305,0.34037328149787194,7
7,Node_1,337.5809848461514,68.80548115215305,88.94273325801214,74.86247488046702,855.8829663426454,95.46520004012747,1.123792138785558,74.5396133961309,0.27121484881520364,8
8,Node_8,913.4728582850316,12.718655167710377,27.884554409724217,8.086683536478095,944.3126074729898,98.99186844274008,0.11714341632233283,13.604320765829051,0.8948875801329905,1
8,Node_10,886.2512476630558,14.460057777506279,29.847758258171364,6.755537978494729,933.507035604947,99.85583224869774,1.788580267837789,10.523525494440811,0.8841400562428433,2
8,Node_7,976.3854037963808,15.563376799704272,18.136780432692042,11.621310301967075,852.4033005902598,99.03472921767842,1.3502000685972626,27.373068917026256,0.8767162741669215,3
8,Node_9,708.1948551197921,8.49628514745961,18.605091419251096,9.826676371986293,959.2258939262936,99.95537788646516,1.3197777336682284,15.226633486872409,0.8641964087418474,4
8,Node_2,741.8149772932975,12.633521672284957,39.09586982272617,12.13093975125588,755.6806956144669,98.80440085892852,1.7943407327157752,5.973634720732247,0.7775706574711135,5
8,Node_5,180.1613939051886,45.1589930130727,63.35348996961584,32.21668838249093,536.9311705829182,97.21466427202718,3.3860868292610724,40.03284474875059,0.3756911953245025,6
9,Node_3,966.5062244578376,17.218123380057754,12.261374922481075,6.370388458014499,760.112621039839,98.1774345509254,1.8303648491179758,14.78481022261434,0.8578050996237673,1
9,Node_5,803.5740640354861,8.793186946894213,20.83781517637638,9.929290192531987,728.124675337228,99.45607620417321,1.162853119205678,11.661239796668458,0.8420818363329098,2
9,Node_4,899.5655824322603,16.067810198691063,23.177492250573167,12.665587407495018,849.8924581240645,98.22369911006528,0.911637566989062,16.2618307351894,0.8397864870273174,3
9,Node_10,246.23545158224337,20.058880642383542,37.639688088200515,36.09855699346804,794.4047938182831,97.04493225332361,3.260396843798376,26.84978836186298,0.5223000930897514,4
9,Node_6,231.25108867792684,31.245818996027083,44.73523038015969,30.671772625209258,536.9653282911817,96.51919704474948,3.192647320716324,49.85275785855355,0.4297388338975726,5
9,Node_7,239.93965392895493,59.79354265724774,30.50273927674101,35.37809867226054,415.62845654702267,97.5755528464687,2.9929466696326985,29.76831400180903,0.3911502350691464,6
9,Node_9,427.1228256611469,80.05790030648335,64.78451818946901,31.12186988661678,877.4215621014872,95.28174239114522,4.1956131296345,82.9765332522523,0.3532764106736194,7
9,Node_2,373.28828464081107,61.355340906656615,87.6136562069991,31.093712184949492,618.8648553995992,95.10967590143598,3.8427726984604225,68.9749295568992,0.31617646628033397,8
9,Node_1,529.5074942918327,88.0457199417997,73.89020719805288,52.708877627752955,753.8428971407759,95.64161447826457,3.3746069412023965,78.31888765663174,0.30680839971370577,9
10,Node_4,996.0909198629914,29.154049895961275,21.239048142444904,13.802555562998254,989.8515705063724,98.51026003757221,0.016406905150650353,28.889378176779864,0.8686624066863198,1
10,Node_10,724.6833069300853,5.523750370212123,13.662811226493007,17.37453805810938,930.2033378429575,99.65898177747684,1.897616118304566,9.682705215738153,0.8530008553956802,2
10,Node_2,741.6251114169614,28.157331349088523,27.566389345939697,8.96580364661861,945.176478223123,99.68522965488205,0.2626687659792015,9.819552078218628,0.8261419901848788,3
10,Node_7,750.535831059393,27.407626125315648,10.537474727467021,5.091742614654117,899.6305240091658,98.2736402318815,1.600801752493904,20.301982922957915,0.8042897836452856,4
10,Node_3,808.0594415685686,13.106139970685028,20.080138612015382,15.297257012884472,724.9083493454041,98.09250716182135,0.6270125714601698,26.22216604683384,0.7934161633745545,5
10,Node_8,151.91044384554243,52.80843500033952,48.189930987573916,31.089408226280135,712.4911831713698,98.19302635344428,2.9092410623993348,35.004871779846994,0.4284429779761853,6
10,Node_6,457.71334363776816,63.88510228190776,77.7258692869305,24.505167347616222,575.4942555373563,96.69481668444288,4.346714561051339,76.54457222800498,0.37477260962136816,7
10,Node_1,661.6054260821608,73.91603072868676,73.39018312231727,71.51669645847642,574.6448967152025,96.30403991486494,3.988814949979997,85.58339539432644,0.31111522905907596,8
11,Node_6,714.6680930200353,13.684481003447411,22.240181495282968,5.220501214206456,923.4640755215946,98.65289688710791,0.48777615392343465,20.800703762276505,0.8323470810112017,1
11,Node_1,735.2891024500597,26.212447435500994,12.809024709984406,6.9289888683051615,919.8093227747229,98.60643995085302,1.5181551974986736,20.496921991555993,0.8069338974868085,2
11,Node_2,187.86817171318896,31.241461594591144,62.71898768938434,10.071763996054802,768.191580937721,96.62569016344058,2.5280042261370235,24.77662767891065,0.4976632128928434,3
11,Node_9,459.1015837483733,64.55529356582673,68.07378528305553,28.487775528812588,804.8980324617803,98.46580060619941,3.309491099668832,68.25308237985944,0.46640106567116324,4
11,Node_5,681.6733955717143,63.56356529082012,76.80733362904141,57.54187767238331,588.710957725483,98.80104412424856,1.2274041793677504,63.72942647849492,0.4554129724556291,5
11,Node_10,428.06677443795866,67.31424433126733,77.28800903302705,50.20561811351215,830.1737274904423,98.20705226031741,4.47154148200597,63.81142300119535,0.3865805523901178,6
11,Node_8,555.413326206277,77.99274387928662,60.08365488599317,55.40053544135316,517.2650479684401,98.03977598177924,2.5663113794205494,67.46995664453748,0.37086301375784075,7
11,Node_4,630.9661099264059,79.67835562951294,84.83560666562526,78.14335897665977,601.3525538776883,96.06021034085163,1.4533999136424702,65.64471608220626,0.29824491613206305,8
11,Node_7,382.8765690549034,89.59500951805907,70.98723904686582,50.52875208414774,763.3863694966419,95.95925214950957,2.5063813379872952,62.8466238558343,0.29584497299364826,9
12,Node_8,900.8143010224418,9.534554522519857,29.557344501346726,13.312899915891672,724.3527032717412,99.39449842899417,1.828205881570014,15.13513581399142,0.8393352112994235,1
12,Node_2,240.99868551286585,42.82925755031977,52.4218036648714,37.261961750495715,613.4521415270035,97.46276048600032,3.8823858483775613,25.823492227001147,0.4219882080354022,2
12,Node_4,197.11679029578207,41.33737794846269,67.08335704480868,27.927925249597084,674.0114014478819,96.21886680169068,3.608813740282297,31.191242795602538,0.3984241857106758,3
12,Node_9,409.3945327402855,66.55794935887076,72.0773091350046,41.005053027045506,518.6741316281525,96.82908297426283,3.6720380943078186,75.54043373513123,0.32999191089598406,4
12,Node_6,300.1481699315693,67.2508397530426,78.03243591139068,72.97810247684646,785.7505678774503,96.63423424496295,3.4125640201594822,76.7753241632688,0.26924039049561105,5
12,Node_5,487.8775643267486,85.8620157415436,89.11145037217862,67.88831807088297,541.7437904564964,96.3762528913212,2.889047625055982,80.56625174628358,0.23366174612880014,6
13,Node_10,989.3838861632248,11.594407667105017,19.15132229603742,14.779225714567213,802.3957494867628,99.49879587940346,1.312263918637662,18.895136641068,0.8875989522237075,1
13,Node_3,790.716996753113,15.591620184577302,16.299258385715518,8.723776982998412,839.9938684594393,98.62464003677013,1.933677005142499,18.19986886616092,0.8221623533524577,2
13,Node_8,779.3427234696319,26.712662813183808,23.157919537942867,10.440123490097141,966.1391336533134,98.35055550372591,1.2023409446619078,7.774783160019547,0.8109309805686403,3
13,Node_5,213.0773724207428,23.55496414456825,61.14533151701408,16.405687269083888,562.2012953182657,97.54615247272882,3.888344396598649,45.02089804190857,0.4702734111017488,4
13,Node_6,191.43012511614182,47.34548768065362,44.28040459627205,12.601507966254264,575.4604370256801,96.02693803398273,1.7515980769350092,42.8907262839629,0.43445843415423235,5
13,Node_2,665.8180764114234,83.44925759758362,83.66645203222299,79.05993050291882,629.0691126550764,98.54105560873543,2.0167055940369067,66.28166017686235,0.3474239532076887,6
13,Node_1,359.58826742073717,88.491202525169,80.77871823679115,36.02468488897266,634.5560094896948,97.98224309629379,3.1576569562672474,85.93632977269067,0.3082454118358859,7
14,Node_10,999.1124780530085,7.177056467681893,26.495833563236395,8.807439700292763,799.8729214114054,98.12411596266502,0.8567721697410338,18.787648223301503,0.8795811713989793,1
14,Node_3,981.4120875434949,25.582203586925228,10.448962619946764,16.689697708886634,735.9491442559654,99.09887454805917,0.945313581542788,27.700558127552164,0.8410623201048734,2
14,Node_7,777.3589853592848,22.777085544350605,16.541538996580393,15.810624985777336,998.2204086392958,99.32422141342583,0.2150193438878676,28.372372195307907,0.8399054505005361,3
14,Node_1,778.9038467929,16.052190112073454,13.480089181375916,12.781966138784536,740.0683280624553,98.53916418845951,1.4634636162039711,28.90057237437399,0.7936585421820387,4
14,Node_5,207.32405192875754,35.101854224488335,37.75435399237545,10.651502459264341,522.516405794265,98.3401705254321,3.38614736693526,28.64071216860072,0.5071508886725715,5
14,Node_2,221.70821192724247,28.248054038414672,30.586034213644524,37.94876613331709,737.4461718091743,96.49544023151665,1.161292061736876,44.0913790876785,0.493334899126517,6
14,Node_8,178.48254387349883,53.156653765995,62.529628406125255,12.822644954764243,567.3736554327278,96.41101806801406,1.3630397123314366,45.472108370334354,0.40347966389325585,7
15,Node_3,853.2500539809789,8.23036494254237,33.153250337359964,7.70378507829996,986.2591458824681,99.92863878595534,0.2450919871703976,19.602072689754763,0.903427855155384,1
15,Node_6,995.2800324973874,21.304784371033378,28.46630427383859,12.666232863660476,914.0385650738027,98.32713563018096,1.2058101376738526,19.341946703129004,0.8562306549259127,2
15,Node_2,982.9686789778057,27.02328879485597,18.438324018526465,7.2347341816743125,723.6162186539166,98.11037340952376,0.6411296425801711,8.216274238988095,0.8392564515263145,3
15,Node_7,769.3095401598424,23.518820107759147,12.14257920621077,8.599021850692356,768.3938013551831,99.90500469303832,1.2501036761622264,19.848972196773364,0.8236387104225884,4
15,Node_1,889.6541655054688,17.299432916027143,19.083981518206233,15.414968846918828,704.8102505785772,98.03728120841502,1.1134260309008397,5.228594219790571,0.8101174670690345,5
15,Node_10,210.77170961411565,25.611980246744423,35.36112125934664,11.604030280541988,486.09326811193756,96.19116717093888,1.8679783679554265,49.687338538702946,0.4847221952233775,6
15,Node_5,454.7330146271356,76.7285748880335,75.02954930910937,56.76360268772126,796.4404969782136,98.00074908198346,2.1280362087013382,87.73725794107563,0.36316886582628327,7
16,Node_6,944.4275532046671,16.210365347156756,16.472438894523304,19.758648287844416,776.7982638555443,99.24237753167397,0.4089354587133909,15.8311193976525,0.8595840591706788,1
16,Node_8,865.5901458526006,23.310771024373864,19.751596125635867,8.695870357994071,941.7814165171777,98.50014768411147,1.0036572053262773,12.733906688699033,0.8483587608088554,2
16,Node_5,891.5307779833398,20.95466419572054,19.58732995193838,16.094081224964565,871.2274482999161,98.21055988577046,1.2424389896497015,13.658256153243887,0.8257570998987928,3
16,Node_3,710.7490739185678,15.278330161333265,18.913412046234356,16.765207282455826,924.6315437512753,99.44669328434178,1.6354034401170048,11.938747309710305,0.8183031695127516,4
16,Node_2,704.3583786203191,11.854378595031111,28.67278692206137,8.505662095178725,811.6156963672204,98.7692932360258,1.1093958472436762,22.83495320700871,0.795279282090252,5
16,Node_9,230.931577705188,31.73230492968491,50.68050283835795,16.528737308438007,412.66861195479737,96.80199484051211,3.9174763402229393,22.274345664122155,0.44243636749661786,6
16,Node_10,155.63570517535055,27.904176933210554,48.420803176126356,32.828641976701235,520.8874093573515,98.37751488746059,3.4338959475468576,53.750100343586304,0.4371487544159897,7
17,Node_1,969.5773204726264,14.7797573160981,23.47465032709662,7.209288376222758,742.6252693193854,99.75742130525705,1.4544661611284173,29.90801571526298,0.8724247615283591,1
17,Node_3,969.7581020847997,8.350476848649967,21.509674990965475,14.15086110362649,752.1019262308649,99.03704702801598,1.313252571185709,15.106958510759783,0.8721422450171135,2
17,Node_10,954.5245351925214,12.248479703767863,29.02392595050458,16.669131095299417,841.0071459627128,99.1751700495023,1.53698730010653,14.016214318384566,0.8607677351667059,3
17,Node_7,952.8104610960429,28.507117655469624,29.187602508196775,10.621557631407873,959.2604493136778,98.25523263024871,1.7669405154094227,29.99371488735255,0.8261860622933148,4
17,Node_4,926.0820255311993,29.92458138454814,34.801009208632934,13.36385321395594,914.8441206932858,99.51266426428802,1.339386291235684,28.561974085095628,0.8259270929626434,5
17,Node_2,804.2429720521035,5.941462014557831,27.417482736668372,19.747846240175974,782.3614459137613,98.2798974654864,1.388142799101351,29.82195250242517,0.7939168194394846,6
17,Node_6,483.51979376322765,78.88873159262752,69.83231128048867,54.06982594216827,714.2848921692228,98.11209372953645,2.812821313185433,62.39426906108392,0.37401482552992,7
17,Node_8,399.3103115556826,83.53768661690783,64.05564890823706,43.5777883393469,656.0386496542945,96.74518326241723,3.50672981134068,78.79183184234385,0.31540243618992225,8
18,Node_5,915.8495777238304,9.259153943146302,11.923639433169685,10.64323781103349,857.5222700762054,98.27677971122408,0.2132815760132234,13.242051835557978,0.8885466437045058,1
18,Node_4,733.0236589291023,8.884510667371678,13.344397294565422,6.5063395304523075,798.4094050763546,99.35134649382904,0.2553467163449743,20.491007556455646,0.8522833985681948,2
18,Node_3,900.446200928463,13.504895354037945,35.1455012348049,9.443264438022542,869.0102163310148,98.10831421681559,1.0973724571298855,22.835446222442865,0.8325803419704291,3
18,Node_2,858.398191581241,16.091871194166444,34.60921843298172,12.83156537882683,832.2034259501568,99.39529952913352,1.754587602244424,8.749195241305056,0.8299040405156213,4
18,Node_6,830.7844044247572,15.515833335389319,27.566928182863073,16.47265216007002,776.9764324578127,98.19452931157383,1.1178349464847628,12.626046899873657,0.7960281342780721,5
18,Node_1,241.44327039020547,21.059313336438894,44.622681206412864,13.4746390306871,429.62221665630426,97.49250969821766,1.906346908941773,27.877823641625945,0.5163886637525521,6
18,Node_9,669.0984666969775,63.47137441159544,76.66957804492716,36.24700986181412,659.2435135087322,95.0947912957642,1.3804742765677345,70.24446156028921,0.42736693986672913,7
18,Node_7,530.2026185009875,77.02394491395168,63.3237309091044,74.76721521524897,706.7013965725159,95.11216266794634,1.3956778335659776,73.36367004602795,0.3046819801343962,8
19,Node_4,835.1588305675205,20.750708853506488,15.798310540506973,6.331593100668531,730.1843363547899,98.60253244389972,0.7695852883986349,17.99460236169538,0.8214644318473016,1
19,Node_3,200.13126106871454,43.0759438315832,32.89011164691836,21.777132347759405,721.8875571495771,97.83542518507534,3.588617923995046,27.83435608095157,0.492818623691804,2
19,Node_7,229.24235526963324,41.69440120975386,53.522644953248545,35.752356861365676,773.3252036663291,97.64727293835118,2.165329635315257,58.7773442155823,0.452086247877422,3
19,Node_6,238.30195974089833,58.33415126942546,47.406800393845984,18.369350864235855,700.7916129841853,96.2724016526786,2.124397307171335,43.47789575184828,0.42935905939227637,4
19,Node_9,223.70738037252474,42.27216522799658,46.555928452124185,36.357282152632195,431.35293936303935,97.78498205312302,3.573072007679584,47.014544936007326,0.3949796495303452,5
19,Node_8,559.3896827657148,85.60452050254702,65.19579013975067,37.68249802207208,531.4652351212152,95.11248405300773,1.437281139679643,66.04790664727811,0.33999959331216784,6
19,Node_2,424.32484856686216,67.10889815446669,74.00963537677997,76.52397176386688,815.4966003339649,96.98482007253959,2.671189277286167,78.72904764113034,0.32028383433179003,7
20,Node_8,846.8400089271112,19.5098557560215,13.303850298831225,8.442993966926247,754.745123059085,99.1827190420605,0.29975279205441674,14.169806990300428,0.8488823362059936,1
20,Node_1,711.7983683586232,6.728005717895714,25.9409965830165,13.706777705639489,925.2324181505203,99.5066884024773,1.902000524482272,19.47738778292885,0.8293736833146491,2
20,Node_10,887.6695037418376,16.40318738485331,38.09507428368461,17.585958261376778,898.712721624552,98.69959963664971,1.363137175898714,18.543240600753194,0.8191212939400465,3
20,Node_5,797.2071051201277,20.91848410699623,26.50466474177512,8.810490183006323,863.3588978882995,98.1517927153799,0.03708374576702389,18.82637526103027,0.8122526001331065,4
20,Node_9,248.229114678152,26.548323841631152,48.89445940716216,22.392710641839145,698.4646174626166,98.88867009493164,2.665810943908177,27.722416934564002,0.5481219248484602,5
20,Node_2,239.62623161580697,29.448925429529762,64.99137950686685,13.576383734132449,599.0524420168973,96.14180046761844,2.9570147237216338,25.184830210189055,0.4637896016436732,6
20,Node_6,577.9164617657484,65.10627273044149,82.83203375690972,36.1568254033629,840.2320079166124,97.35847103693173,4.039386296317799,86.02170116336808,0.4309668876463292,7
20,Node_7,199.41871927884586,37.66803207265674,63.529347028324885,35.671708234955815,759.8582732782311,96.50058669126939,1.7256845298582029,57.04358533695751,0.42058374826888123,8
20,Node_4,592.4659256394707,88.79617630017863,75.04938617799525,72.60887609479848,811.7558528675445,97.84482397544103,1.7070140698876886,62.0560057474766,0.360807413748857,9
20,Node_3,447.5025622295619,89.42227032732147,70.882803395356,56.41733477711497,839.0898623555956,95.92182920637323,2.2887847219830477,72.55287884520207,0.31118627403530463,10
21,Node_9,841.9680268736803,18.175791575877405,19.991579460187136,6.195837982878348,874.7586214905969,98.49028017409408,1.350720198716171,13.65121594180151,0.8425601498919004,1
21,Node_2,916.4156933926629,11.8974062630463,25.91734839738249,19.73930224198458,709.7278756866374,99.94319309161537,1.9910170998287524,15.322629410349327,0.8369194869309827,2
21,Node_5,719.4886225689785,15.901572610009083,15.956987372547623,13.98064140363464,979.0376496674307,98.03186103647477,1.0937851714426594,29.424562060119413,0.8050833818168719,3
21,Node_10,233.325687506947,36.210061788456684,62.222610717872094,12.607996174713275,689.4953991869222,97.15136687334926,1.9861830942791368,40.155477481162094,0.48906888348551686,4
21,Node_3,215.94274049218632,36.25920660704746,53.468077279314166,26.877105912869837,759.8026958155956,97.35128328627691,2.7869697584147346,40.50054521967379,0.474052663795902,5
21,Node_6,172.91614811135088,56.55500558258245,30.08393080675939,23.060753508021058,615.3714828442903,98.23921710739658,1.0426928682795265,48.98207032529631,0.46027956308138757,6
21,Node_8,321.8057104095632,67.03337725372918,63.00000239280953,45.31299313474152,716.7854716478414,98.09938510262914,2.2758244796948746,86.84360738579946,0.3734431237164824,7
21,Node_7,681.0042935668555,75.09555716003844,77.69410991076028,52.32849019223396,664.3343009979095,95.44081684416345,3.5880325295897424,82.26476653912988,0.35041441709418497,8
22,Node_6,966.2210133467488,5.049038209720018,31.756030145074025,8.151501378834453,778.7988343826801,98.26822220627031,0.8050637422486089,12.025848678879592,0.8735536304141415,1
22,Node_10,623.9627086244607,67.40079877934434,63.35507948435243,26.911030970557157,563.3218889373189,98.50816101501105,3.020789524936205,85.3444021356314,0.4689007047212027,2
22,Node_3,156.97506257937795,50.03409224047044,52.94909004204507,19.638464493113073,667.5226544727514,97.37502764112969,2.5427537079381732,22.5489314995955,0.43969807263222793,3
22,Node_1,216.75813414689043,55.79366897374297,38.00625130848625,32.98197774218306,579.6308382068437,96.91752620174798,2.3448075798415466,38.93758470349176,0.4045729330260339,4
22,Node_9,342.4449032731113,88.74032236836663,80.79634634761389,33.089256304695496,824.4341363237791,98.7477467498177,1.5769320200631287,69.39431451775607,0.3807322739976291,5
23,Node_8,943.5679254818218,10.687265117169407,10.540225773448856,9.690426067688119,884.487674938073,99.27628145814325,1.9450546182206825,8.964185146566995,0.9062506261879641,1
23,Node_2,803.8360578499487,24.7321741476189,14.891221223731714,18.19895032047536,805.868029238059,99.73601150832236,1.136973595999726,10.161974989076157,0.8172762148785236,2
23,Node_10,766.2243623251904,29.825820603975114,28.455167789631048,19.89675351408073,892.7000954313602,99.59648070104318,1.9583270080209962,17.81852574091465,0.7743729891950023,3
23,Node_5,209.1346152788063,49.41658995206939,58.3141338759169,15.299307059799952,671.0624699134321,98.21892552994701,1.4475705450848797,44.81232047342243,0.4735822838678914,4
23,Node_1,243.86239303146056,49.04624685966452,62.200248265282525,15.16789261564838,660.4505787527044,96.32157978267847,3.8434174471385294,33.44294433024456,0.4220993469374169,5
23,Node_9,655.9334351250443,77.68536657871262,76.77978385580916,40.99509035013665,566.8174520598537,98.37813909014243,2.816873602407563,81.35782167057756,0.4122139492559883,6
24,Node_2,938.0669455347776,9.512161411915638,27.222121499677918,14.428942514361852,899.3989069709612,99.7343550969074,0.709878270279438,15.775811563742405,0.8972187199138503,1
24,Node_6,837.4579713189535,19.03780427452018,21.03825983566896,15.934844710149617,733.9438847628287,98.26344195504994,1.544220957373963,9.609605205622241,0.7909098535260529,2
24,Node_10,152.2044700846881,57.08685732479761,68.89205169583234,26.91987503867177,664.385420770554,98.89068334974722,2.617884263359355,25.988067525723118,0.41533687880232617,3
24,Node_5,550.0978195374239,77.62725236209876,70.96489974471059,41.25555437612147,657.740651109386,98.76103284689653,3.588363160214468,65.49932948193992,0.41359910644220615,4
24,Node_3,536.0909858173861,68.25639368110123,81.70981634759923,70.11985032456059,781.3146449251983,98.67266501642169,3.6342114310984637,70.62324573277984,0.37489591822775553,5
24,Node_7,177.94832121715118,51.897460948796294,67.92053496920411,34.8071377716374,541.6610232575359,97.77487284248546,3.8007392082383054,43.443945613300116,0.35516327505551915,6
25,Node_6,856.8262053451024,8.081541772552217,11.821145281219167,6.560795539144655,804.1938995171871,99.85162490376226,0.21313057883108222,25.709250425499924,0.8987453112804537,1
25,Node_2,897.7888325326103,12.552749143489626,39.59455778934163,6.154999593155894,780.5729261198055,98.5927985807136,0.5509512228939792,23.90496849352165,0.8347934457594361,2
25,Node_3,776.0954978205307,17.137684573283764,10.530758180725094,11.395614325950284,790.6298343436608,99.58526878020074,1.4750457266660764,26.986290452503468,0.8272222811082831,3
25,Node_4,781.4915943968889,27.277395296022608,22.280317036461394,17.47106647768041,803.4261452598444,99.4839670472175,1.115077152577531,5.467311240254725,0.7950120114743331,4
25,Node_10,636.0455513795771,65.44251666491336,75.24081481960842,43.15183496147738,704.1086186805111,98.00721319601875,3.25225959006592,77.63882896467331,0.4446816827220368,5
25,Node_5,200.57200607241816,20.98604454398048,69.84320190571053,36.188844506454174,596.8518214949713,97.3012645783389,3.415349505375896,51.458932896813764,0.4241003486801752,6
25,Node_7,165.06676860616057,57.12219305868802,68.33355738974475,39.20682977475365,671.5745489189655,97.13409599333121,2.2713801008903087,41.40552548629912,0.3559216521586545,7
26,Node_5,833.8502605159035,27.396810430715515,17.512250467581694,17.309255997920534,994.1416993668424,98.65329762865686,1.6510204786351095,26.368586661007217,0.8137757069754321,1
26,Node_7,886.5856636011897,23.514751679132544,39.593172893339826,14.218613344665854,802.7166514648223,98.8224670122919,1.719883062395767,23.75854414775503,0.7878719703579606,2
26,Node_1,206.16499971415666,42.893366565531714,47.921580904477146,19.10186078784266,634.0339475277601,98.84572647936507,1.6683128731810162,38.28801578077636,0.5004208154117112,3
26,Node_3,217.84156817209194,25.100037810070347,48.52916765163294,21.803420341096103,428.6378477114587,98.57955984961012,2.2943251098923056,41.50404064821098,0.48943961593043,4
26,Node_2,205.9931264594884,20.705725861771892,60.512517703205845,16.85267169813664,433.6187999709592,98.2553985967198,2.8187499144331873,27.75018400092755,0.48757954658312624,5
26,Node_6,225.970625193462,21.151731111579185,38.20405670571705,33.96773057525594,566.9934903146254,96.34703009751095,1.1812008560303413,55.593305990135775,0.4707620220542942,6
26,Node_8,246.49128316296517,34.49540738215662,69.03344810704586,20.641437897680234,569.1251918120569,98.5333272275015,3.861117078453172,46.39685673817192,0.45731663942427564,7
26,Node_10,202.85767381197712,46.558559839329405,30.970518392380633,26.434685955709643,511.24731726654153,96.3334098468937,1.5789895642228098,22.935890152179425,0.43659183838066973,8
26,Node_9,159.34300070749688,48.91141147116623,69.20525626213666,11.85166445627128,489.33963285320965,96.10288151644919,2.5102714531365664,34.62033873140006,0.3765824641094305,9
27,Node_5,887.4879534383183,6.398033605413074,25.20359700073429,10.046473726205676,750.4208351195662,98.7083647131189,1.5094283653108578,6.38633742573154,0.8532487643546319,1
27,Node_10,833.8200262270177,26.590192432665145,27.349890853067198,17.189874348221686,740.1256260006716,99.37132694260595,1.5273337631984905,17.79843771000169,0.7815241408868278,2
27,Node_6,771.2392931607963,29.281750052390304,21.562799637582767,17.94948828768114,877.5030073072182,98.45704532136932,0.5593059542895744,15.969896358302233,0.7791807330980945,3
27,Node_7,169.72127675326993,28.6775302624209,38.966871721640075,15.336745378534204,718.0418155318234,98.5713455665819,3.608626548305328,47.626467698185465,0.5245344511551956,4
27,Node_9,494.48780249025964,87.8941021833254,78.19458284093461,30.54311101105379,657.8438094968043,96.68767107194653,4.267810721125949,86.05568059002871,0.3280597274159734,5
28,Node_9,834.3004877055829,7.012309687470792,17.196762477983427,11.293254188429788,995.0243174148122,98.81895127307493,0.016450249983962495,5.896396585523762,0.9028053413438913,1
28,Node_2,936.6935387605462,18.973381612289266,16.706061522609215,12.981017478859926,850.4666020330286,99.44056885565061,0.777348775380571,24.925666371214398,0.8720641425925644,2
28,Node_3,903.4987980564175,9.334313502358366,12.74234964086926,14.248130398778928,742.1523064567,99.4008084779508,0.2194258468484176,28.587967133485805,0.8713809742542762,3
28,Node_10,716.4578080882457,26.54552759571286,23.5584117409597,12.045205460465997,712.2680418605739,99.95966548895085,0.5162200466980205,9.874373850792502,0.7856887016974892,4
28,Node_4,207.76789674731936,24.044167845371977,47.84136455574339,13.960376099815171,550.0787646629342,98.42219019063833,1.886835263566366,23.55668619954399,0.5366720045002978,5
28,Node_7,244.01814901383764,22.564712572258628,47.04169112197345,35.600423798631496,581.8748747017124,97.42795271198648,2.7249887257728487,26.50317543502262,0.4831448228119243,6
28,Node_5,242.9674381001601,31.75956604770915,66.17885699827025,12.911782121818723,423.8844346287259,98.29171305942808,1.5928729793585212,52.24100310614578,0.4718416082044541,7
28,Node_8,231.771456908886,30.309274235370005,35.64283998097932,38.059850173703204,550.1703399410537,97.00767619388066,3.7278116536895207,59.339241611757885,0.42990243028571024,8
28,Node_6,444.1537913707101,67.46954787226142,67.09463096902564,43.94847030395057,694.1877398506849,96.53343434260105,3.6001455428494724,61.74742467390611,0.36968400292523695,9
29,Node_9,965.5475537113248,21.151464286711622,32.74554677877045,6.619263321941348,872.7781138081498,98.84020763610283,1.2919606603394498,22.651328491871737,0.8557418778676437,1
29,Node_3,907.756786363841,26.649746183497818,22.72368997733148,17.938846363086377,990.4010605275055,98.58477317788832,0.7994617259602732,16.17815140679332,0.840374971766653,2
29,Node_5,768.5179745261032,5.026795802195218,20.84842781765866,9.138022960733133,727.5641798384205,98.83172106429205,1.4149938358591567,5.88076251557104,0.8303925108393909,3
29,Node_7,790.940397685573,26.68522894720187,23.450198636395356,16.114374780451637,880.688452504439,98.25766928087916,1.1647124160540638,12.652282944780833,0.784066727967606,4
29,Node_8,211.90843776003754,58.227142141289406,57.98518584534216,15.493478792686695,690.2506274178315,98.69332518501139,2.9971493826869997,45.04528992124193,0.45185743032517817,5
29,Node_2,202.33092995790736,44.89904457984879,53.69641988875348,25.499430307311968,530.8345265504947,96.51950865252508,1.0204318412408186,22.816756498070347,0.4262347403439924,6
29,Node_10,444.68674853051925,86.40241758997425,83.40286352666462,22.404177720638174,872.7608205626957,97.05986757893741,2.5116302329727898,61.840198963396034,0.4015867539053995,7
29,Node_1,430.7233501981549,62.91172479655396,80.63931204152419,43.96176919832483,797.1161174349215,96.52062866845684,1.2011674596840995,70.1791946059844,0.3953284517333817,8
29,Node_4,539.475533510605,74.62425257193374,83.52885608643021,74.07713682743645,696.3228060530216,96.0440380635763,3.246270859861407,87.33204820252641,0.2793557922883054,9
30,Node_7,959.1313842025272,7.862037584167995,17.888580236696825,8.365296538996516,719.796113230494,98.59824641659581,0.500420954677322,8.415443060283028,0.8840588074520883,1
30,Node_6,858.8458756286064,13.590674472382798,20.99208023233283,15.538255277151064,989.5508944396685,99.37098621448457,0.695728956026483,25.175358820926917,0.8743959069045671,2
30,Node_1,561.7936043076106,89.46825178076836,66.52319131009891,30.214637416563967,794.353814501221,98.52197323669263,2.166387773196747,73.97085453760884,0.4456695923886277,3
30,Node_3,198.4481652573814,35.57321022547191,57.919267448587846,36.41307954098663,541.6170569485728,97.4581993224807,1.431161112995734,51.66984498323791,0.41920852849813567,4
30,Node_10,628.7242490967076,65.36353006363936,82.83784891862625,35.68055608086733,500.329239485198,97.39367808852471,2.6988203006809095,65.65533312975234,0.4142277371256695,5
30,Node_2,369.7654661802978,66.95053977772515,65.78017155936594,53.86073535521003,847.7907071199804,97.94009648667628,2.028849018485454,82.83765160045489,0.3897223846750367,6
31,Node_8,980.9545276040403,15.76123289838982,24.943442575469945,17.772414050780583,975.9728124142177,98.83980679431438,1.2986356316673615,24.771709564131122,0.8753925740090461,1
31,Node_2,217.45563452768062,59.97085587398496,48.85913641540808,11.049714729967395,595.654109893531,98.70451539049596,2.1283792291655392,59.52723334633851,0.45491838408885843,2
31,Node_10,246.1277532168708,28.782314327561238,62.414747603488024,25.336166638527903,530.9468701732113,97.59499322921742,3.769561009988732,52.00262791890596,0.44146684916484974,3
31,Node_3,172.6291435487376,32.89368285941331,66.65974271841817,31.66616775428834,673.6637721890833,96.34641591096245,2.2100691800943473,47.57166513606601,0.4108191163213586,4
31,Node_5,228.63744457077453,55.97032596692026,37.230591184593365,39.42387497203261,609.1239336842856,97.74591233349824,2.672508472071228,57.1725689348161,0.4036416339067655,5
31,Node_4,348.8593966396988,61.85220004772305,77.14624424041384,52.19828752459463,884.5492462296054,95.3194160484898,4.429756613311001,84.8921528309684,0.3129244406907963,6
31,Node_7,318.5860018970967,86.35529855947335,72.97827938182476,61.29218906186525,858.4616151586708,95.10002590089715,1.2433052015088202,83.29889305105604,0.26109990432251007,7
32,Node_5,926.3349592581552,13.428469613425577,26.570111468639052,8.95926487498363,759.7032082027152,99.94158479490852,1.3724962412989254,29.926163021801155,0.8633857869629643,1
32,Node_1,784.6518183071154,14.492805089797404,23.452189160363638,10.93494859720208,891.8619529977809,99.76249136937167,0.3637320025150961,17.14372422227343,0.8572437906459954,2
32,Node_8,774.2243471069011,20.220656248840655,19.33287441585224,7.26288278447697,873.4007591436177,99.52686381222202,0.992105783673447,7.891167393777014,0.8451791425452679,3
32,Node_6,918.1896428499663,15.900963869395838,27.48243777214227,17.681443375692638,859.9294424668235,98.0655236062163,1.4905043204361894,24.79042524409265,0.8179002579774868,4
32,Node_9,721.9048594019597,22.290345726829838,15.18649248575448,16.893075923102863,933.3736574017221,98.6875715051477,0.42678860694497844,15.151202888727836,0.8067986883164662,5
32,Node_10,221.00793273122432,42.065793090335006,48.72387817738732,30.95185836989215,740.4755073022695,97.68716923960686,1.7671939136477564,40.38007662556827,0.47409808651046603,6
32,Node_3,224.009781665699,39.74233177716776,63.32684234528831,37.21550608503912,616.9564597568769,96.84520493403805,2.477259127015853,32.29155984533833,0.4092813544233045,7
32,Node_2,585.4552849036727,60.844556879830904,89.59450140917937,76.40983546505504,878.6287478697224,97.66908256607095,3.3808125080957416,86.35442407482688,0.3725849592258788,8
32,Node_4,644.2146215760774,79.85634096598179,73.63261426111869,59.752002932845826,543.6451973467294,95.74613144333995,1.9396732380156676,89.47282430774519,0.31831594602809965,9
33,Node_6,955.2834383479642,16.29627222432609,18.068543946041157,19.97986926963687,990.9914840339161,98.78664279203406,0.23032865846501327,23.25891156411778,0.8842147974079473,1
33,Node_9,809.8240737336707,26.498784612030775,33.76667335544693,7.442368252566219,918.2292514129081,99.89212254986026,0.9042145656748342,10.975343199175864,0.8366574108317986,2
33,Node_4,709.9521064415005,27.017059957438814,23.0793536411784,12.037873074623315,963.574804415447,99.12743003642044,0.7507502419089045,22.730615603062923,0.7991992929489147,3
33,Node_2,182.45970950526248,26.288349376682856,45.150391600304786,29.912839089226367,444.5957508920234,97.80229595596478,2.8846555671639837,38.41884967966955,0.4479003251209539,4
33,Node_3,230.58683056609843,58.692063418762025,36.75668801706135,19.9155723335371,608.3200611003142,97.22262584071397,3.968302655327659,56.56257364395335,0.41452504462490314,5
33,Node_8,670.3858109647092,70.83923133739081,82.83601449757138,73.6942589243474,582.1145732543814,98.10797941798894,1.8037120434858465,83.83864288194754,0.36437321485823826,6
34,Node_4,961.5618538957491,24.866099463148867,15.871262269267287,19.41560218855792,844.6355066325054,99.81169079522931,0.15149704728752078,9.583718908899634,0.8752838199825284,1
34,Node_6,849.6918315068564,18.421492125930026,28.04753766585185,6.6615564514909025,998.5150264775285,99.00914906184505,0.32870271848585486,23.703027956852054,0.8687975453090317,2
34,Node_5,916.5751578618128,26.22421636933004,36.35355542527145,9.669350514800524,934.5499351201752,99.17390722809954,1.416162501697886,22.90531803767091,0.8358416386515815,3
34,Node_1,934.9600168287216,28.55213765926475,38.16246839807529,9.055301891242333,928.7762629413203,98.82658613207045,1.7246562492989157,8.946478966717763,0.831503614031108,4
34,Node_10,198.21592723237774,39.65980402217153,51.48879661151723,26.487766856813828,608.5016303064572,97.80753036485994,1.1661531984442526,45.10465252955152,0.4623828703291146,5
34,Node_9,230.48058363046115,53.41081920302586,68.98472001173727,30.754547919484718,490.80685582398905,96.7616058974333,1.5847476202979403,31.543450716374792,0.373197768688684,6
34,Node_8,678.7453664912937,68.3113332398736,87.18374701442579,79.97082541839058,894.3858039399157,96.19416658245747,4.05872405447993,85.2939016230934,0.34473541752455544,7
35,Node_2,928.718867086364,15.14037393140336,14.57437552627751,12.268182493742387,952.4202369617844,98.45990560470311,1.5591704422515749,12.612875612619751,0.8788582584392617,1
35,Node_8,858.2021420962064,16.62452565651992,12.433762311053334,7.565701732353631,756.9133074875148,99.7205071854472,1.4102160070427114,26.431337902844678,0.8544930565991226,2
35,Node_9,876.2840709783572,22.59697875233755,28.82953522999672,9.7061907221917,709.8899201645094,98.20293015567093,0.612255103886727,11.189568423247854,0.7997264894293018,3
35,Node_7,208.93800733360288,49.416130957746674,30.80914931805871,18.77349248957907,454.5991312803318,98.51164283140626,1.916464395958415,54.358824738618566,0.4607461213091961,4
35,Node_10,235.29607130250733,52.91910166432136,53.37836510317509,17.416847537063866,688.39776033412,97.2008040994408,3.106808597279107,49.851466803359344,0.43813550583562,5
35,Node_6,184.38226925829395,35.88381985811671,56.725507748519654,16.06188410342348,545.6446623801435,97.28269778278393,3.6780347344383775,59.626931967900916,0.4270775787203661,6
35,Node_3,639.1786330336759,76.19238414914628,66.16004056141891,46.199185921110086,619.9872074779532,97.96821023657445,2.1600706351082493,75.01688277040293,0.42449788661043264,7
35,Node_4,150.4794101458716,44.98197448600435,46.572492508830905,39.867270826601604,722.8409579564991,96.66816196163363,3.4797482429907713,37.00636571851258,0.39431433773427615,8
36,Node_4,930.2183398997824,25.188003850505698,20.284181992034746,15.830945389991141,931.4083176303657,98.8790239902921,1.2282833563476705,29.087359083175567,0.8417206895022298,1
36,Node_8,877.2741040572049,25.136328358200085,32.03359382273474,12.767694799818095,977.1135518246276,98.48526194762597,0.49097007009728166,27.888056017991605,0.8263502386652691,2
36,Node_10,897.0288468516906,27.469006488695182,31.434017010532948,10.012374965359989,890.5004196509528,98.16229676118503,1.3558563362466667,10.095493128639205,0.8132551174660761,3
36,Node_3,780.1218806734372,24.999690509154497,23.89103414940621,11.731961199265402,702.3901342730151,99.7879656521489,1.536932723728758,15.56419265453889,0.788570618457883,4
36,Node_9,160.0297442965201,22.55108858089368,65.45643510239871,22.63752813979994,593.0785292959179,98.06345936016704,1.7566049884957833,24.342366235330218,0.48821404292641285,5
36,Node_1,172.8175411635675,30.19990956126344,48.589109197628616,22.758571007708174,623.867192515628,97.64469601830972,2.205832930206706,40.502922064627825,0.47889671145544765,6
36,Node_2,185.88820593200296,25.19640481962196,34.96272533153907,22.86852679480549,442.56669310373127,96.22297463304444,2.9353746350157737,28.322069285403003,0.45127996513071295,7
36,Node_7,453.8938140793238,88.5743012570442,60.61977047687311,21.091087262041672,615.9148675179163,95.78435682558404,1.9009087656732957,88.5011739576489,0.35340059918433486,8
37,Node_9,957.8574558616524,18.50895582939239,22.135604765706262,17.382707535532667,942.3439306780438,98.15550493669708,1.5730374389376638,15.015190945346891,0.8505452993559908,1
37,Node_5,231.69564332442636,39.885488665966434,32.87534581440808,30.018671122020855,714.7674377651529,98.13876147781993,1.3398068993683028,59.335533070841564,0.5020792834156924,2
37,Node_8,218.50587615971705,48.44720938092638,41.70042751854844,18.298103901325785,562.9675023368137,98.53001330889388,1.2071334135985725,22.072012878661237,0.4963529333846859,3
37,Node_10,225.5261755512219,39.473454166023494,48.53023899507494,21.050348156323423,729.3953286785616,98.21674170615118,3.7961815270267176,48.92369218810133,0.4848674002001461,4
37,Node_4,189.3612181849541,38.600723911409524,38.767587995167005,22.068984663541706,585.5589727746851,98.2524777752886,1.941496306127303,55.17878095869462,0.47874081830154,5
37,Node_6,229.0778002144985,36.72994719380526,36.08549673785751,25.83442324051349,545.456996895264,96.43267255739819,2.1273676533914667,22.40656411484443,0.46302052736945754,6
37,Node_1,182.22452343151014,49.49649095883533,30.74139628825161,16.207839939549284,539.7717470361601,98.22281632272929,3.7949020792129833,31.320121581190804,0.46079693620641565,7
37,Node_3,318.04592305223036,77.64740068188598,85.54648937764709,46.65565840545958,792.5164983408608,95.22756578021729,3.6325656142468588,88.24203934508293,0.25878471368209166,8
38,Node_3,929.2919401160178,14.44003817177668,19.31933175584167,13.834314955132761,872.3014630271474,98.7536936443386,1.8320549476428911,25.646100672996674,0.8540633930308587,1
38,Node_5,724.1602966802088,13.27673393939327,20.070561966786258,10.784225634276625,942.4771319366098,98.92048449658695,1.1651048994061435,8.134846856653233,0.8362583790477865,2
38,Node_2,923.216620726831,18.22073959709568,11.524518688499622,14.266747927945035,751.1076471024224,98.64849874223242,1.6885321791547723,18.46127160776203,0.8359768280021402,3
38,Node_6,830.6639835458155,26.351634174309623,16.264121771197814,17.574977196363605,850.5372044638297,98.5391837401036,1.3654021214710395,28.395623587064417,0.7917556541071668,4
38,Node_1,237.7149383505594,45.351602513422385,46.78000801405093,11.165305532774465,682.6498691245042,96.79705892538607,1.0323896653676328,46.28301708756632,0.4900688845328075,5
38,Node_10,189.9975447639364,26.95067307848728,57.16978522032917,17.176490950732184,540.0924858351277,97.07542856956307,1.6849941422453945,38.063692592600376,0.4725434905563522,6
38,Node_8,152.14539574599002,57.97163267190574,46.726544413268684,25.367040907523,643.7924055596277,98.8648414522964,2.5642783898289365,42.73838803500896,0.43144817215947984,7
38,Node_4,201.60224699909048,36.57250171463827,50.070981435141285,28.590951516674473,541.8210740986027,96.90598383143302,3.510169192146396,51.38651226260446,0.4116756474399033,8
39,Node_4,861.9930672353569,9.015409937967881,24.702110606271376,8.68488124223671,840.5693735259985,99.9680919244874,0.974849071980221,26.769423841054152,0.8779416592957177,1
39,Node_7,875.1380853307139,26.363618406865562,27.755076180253873,11.050101715189482,794.5115311403034,98.78959209008713,1.3749161034907305,13.077170123504823,0.8068546644758505,2
39,Node_2,737.4892796271771,11.653756658247337,35.07347112700165,9.389519838163576,818.5449034559385,98.48549718652129,0.5244072343472601,9.392166289775115,0.803956613872766,3
39,Node_3,763.3780585237643,23.05268015780883,36.58983683722329,15.219639018230083,869.6966337724513,99.47798014547074,1.9126969231158149,8.083673609168674,0.787480295791497,4
39,Node_8,177.66983032973963,46.75432678221654,54.302921495301234,20.71002251999706,481.9524883219763,98.7899435298113,1.171339722257903,36.66543740227318,0.45214117487026145,5
39,Node_5,496.3827361074224,83.98713120226341,72.69539427624161,22.296104945528747,869.6017942989178,98.11262089793198,1.7497410511799294,87.7409101111971,0.44867270550111166,6
39,Node_6,203.66070046095606,50.58006178574709,55.47500186940302,16.193520232050787,748.7902695293017,96.196446456875,3.596310034265647,37.33982638358703,0.4264057901954842,7
39,Node_10,511.35839536745675,60.20046172679476,83.28391708571912,33.288641733998745,835.4336738363015,96.28922433257952,4.28925227792399,77.74438411193165,0.4084670445002643,8
40,Node_7,742.35535153847,15.913148850376864,18.84783738087583,12.466090602150544,748.3257427243249,98.47949299917742,0.9980722343549235,16.192502530274567,0.789633993406687,1
40,Node_5,717.0398718422631,29.643715974669142,13.252620602807042,5.054519526660267,720.2434805941241,99.17581300103133,0.8243322174722063,13.89249813967864,0.7861679108507493,2
40,Node_8,825.580753621589,29.819619267357922,15.116407257588122,14.074735772558189,725.1766734439736,98.57682826031497,1.4517199615427452,7.12928532599738,0.7818830607785245,3
40,Node_2,167.52467060426898,21.303705945464394,50.11008284012323,33.189744658939276,503.28095511668045,97.3039091342854,3.382674619073125,32.89714261052915,0.4399758188740287,4
40,Node_6,244.4829198662443,28.263634827157865,42.991685766326555,32.1560905493133,420.66232916271997,96.1720583755858,2.0437411391861895,23.135861367031506,0.4392573889279167,5
40,Node_1,204.2948293811821,46.78357483019676,65.7122280054668,38.79599846169586,413.5360155586723,97.27328829522055,2.6233697045355244,45.00737339710375,0.34814786839566497,6
40,Node_9,447.5005360165903,66.7544236581821,67.28266811815936,65.94588980201655,842.6547142504087,95.00075718429375,3.753946173522987,84.68379993647211,0.3077834492623668,7
41,Node_1,918.4697401794623,18.981116765067895,39.275321157589474,18.846361651414757,725.9025006810479,98.14097772414483,1.821958481927054,27.053753585481427,0.7686616502739723,1
41,Node_6,193.07371835702654,30.578499130781502,30.3898258770349,33.93974468743874,567.0193332200083,97.7159705568075,3.777078821731566,30.0408692604057,0.46611951417598785,2
41,Node_5,181.8649693213465,51.47327411689414,49.21049586342636,33.150570449593786,776.4207169113166,96.34978875393763,1.1604672691644606,50.559631072587074,0.4169690484330289,3
41,Node_3,220.30019669372018,52.45930105255533,45.528965876843955,25.56242308119812,510.9878063916202,96.48908852718019,1.1894037649410414,44.02872596887184,0.4071186294331049,4
41,Node_8,697.9514046157118,73.53660062203814,80.23415336888714,55.22819837513832,749.8305955292449,96.61522284024292,3.495946307790124,71.17554299974982,0.39443086942041994,5
41,Node_7,667.335133827542,72.87619765862603,89.48005715471719,72.75385987220717,828.0791420448729,98.41261575801235,3.534976997257527,71.52134417671331,0.3891920732865362,6
41,Node_4,360.41940976021283,75.04941573865736,74.79364531267979,75.13561723423629,724.9709432239091,95.57014955549207,2.109304228218041,61.82219809616422,0.2583139503830527,7
42,Node_2,849.4814384177045,21.573556477621292,13.797696375434155,9.375762259022629,835.8133562611994,99.26223240524499,1.0106694490100254,19.142252735421444,0.8477772238726313,1
42,Node_9,826.1247482465109,8.80312979886904,32.68183425707703,7.474935038328816,760.7525571135662,99.03291427832956,1.7196166127175758,16.05369231681887,0.8273943619553172,2
42,Node_5,787.8520540837496,28.477470441691906,39.52439089298202,10.9955189242114,942.1130247805623,99.55428316442278,1.8537383418431885,20.92070449928817,0.7940569468553667,3
42,Node_4,708.3130763561755,29.836252986904277,15.889058118004474,7.821409572284361,707.1127445295746,98.55487021564356,1.6897692640526563,26.012996623303444,0.7444913215280702,4
42,Node_1,168.8569442651928,47.28174749647315,52.467215814373176,16.940220037433157,685.5042982439873,98.7404258504203,2.7925599004243926,47.62410054776779,0.46898994209029155,5
42,Node_10,197.45725995376228,49.06307372571995,62.404841943914846,31.34020747717267,667.5646878705861,96.81038361192239,3.3561263981527096,28.724884926867247,0.3950270833772984,6
42,Node_6,502.1956421653789,76.30804087980822,78.89890664705653,34.247685364832634,540.3566881412286,95.1855796900062,3.4261784943321394,85.83509985017612,0.30657389601589935,7
42,Node_3,412.9035935941296,71.45598166422022,82.93559277665,50.018113212491805,578.8132844224725,95.73529977669071,4.000140659081957,73.5144751610879,0.2744751939393306,8
43,Node_10,894.6712784941524,8.17637687632738,35.6007006417902,12.140706590466737,959.3338580652046,98.50405794319809,0.8813370954096513,17.713730123236743,0.8648280317256337,1
43,Node_9,750.3266816678287,20.735027106241745,34.09648232803174,6.695687924999002,794.8737128990726,98.76036481533838,0.728737113864844,10.12264513226232,0.7930538914894186,2
43,Node_2,222.68806865870704,20.85775768189956,39.983146807660496,39.89046708502975,494.56629574370044,98.96154273288892,3.591907125103825,25.15051550171779,0.48945879173996476,3
43,Node_4,160.06098195104107,46.044433555911496,40.3106001869384,25.13301590210921,767.9830337214712,97.29539000503327,1.2641443699756405,45.74020906644518,0.4692828842529458,4
43,Node_5,695.0954509989517,75.12621668209633,83.72144327106781,34.81017810376598,862.7098542518629,96.93404836595123,1.363946865162887,79.7273327817644,0.46834071740707617,5
43,Node_3,151.56816766883549,54.828816594614125,50.52146010328942,23.644044637936876,774.4143124744505,98.62424922633491,2.613006534546741,22.790638338434086,0.464527489698391,6
43,Node_6,183.50215718830967,53.72106201471175,47.65617266969356,20.14510923549168,777.3000090958565,97.7052586046559,1.7953134950374015,53.434129699440746,0.45969310481499026,7
43,Node_7,373.30195639546156,79.15074706276994,75.89826262130103,20.74401087608639,895.3842834093634,97.79778377580242,1.7323931239075887,70.68560244183352,0.43198071231907703,8
43,Node_8,224.07318679244867,44.503606134294756,69.39183135989974,20.920324238423582,493.0267189553457,97.09633946845234,1.7754314759242051,26.02388223237229,0.4185955382182367,9
43,Node_1,158.43557819223525,45.12919352744093,57.760172697273646,15.997248322878226,407.4515549324568,96.46739451456698,3.1092871091375747,58.46716515079352,0.36515437130222494,10
44,Node_7,971.9260932054319,29.244066150321725,16.309763803157928,10.039146859397807,832.2710867234109,98.93410584590836,0.728247764065715,6.609007938941673,0.8629114186267175,1
44,Node_8,840.971368735633,15.236472861921156,24.510564789660023,18.911764424933047,893.8258270803065,99.45916996286928,0.5059405265931634,19.630812364649582,0.845415997309832,2
44,Node_6,780.1730119051638,24.34701733814461,18.97451333303895,18.7378190415728,951.5852974962729,99.88079597751695,0.21623740374919076,5.783745972247027,0.844198810139313,3
44,Node_4,212.84019077024843,37.20881572949215,40.16365222402773,18.620873637593853,414.57847780601656,98.59048729527025,2.5633994077159814,41.67271459233705,0.47305480661559146,4
44,Node_2,566.7631400919702,76.68879595664356,75.6426391285025,21.490218662584354,816.0607089018586,97.80666815716279,1.2974418172378046,89.54025013347767,0.4708498469331313,5
44,Node_3,214.80838207118387,25.42505464954624,60.94981645417974,10.623291845110316,419.1826058238733,96.15429123507381,3.5008375608503903,22.284944539248816,0.4432401557490939,6
44,Node_10,194.100332453579,45.73271505125105,44.0707221293033,24.78458827306258,454.83874000018096,98.16288777266205,3.186004568681668,23.83858972145841,0.4335358740588818,7
44,Node_9,247.8226569791952,57.069134954732284,55.60785600304857,16.495085361700447,410.6048123561652,97.1326823618214,2.0119548566890995,42.79882732048769,0.3986548885295644,8
44,Node_1,601.3053560217052,69.2490872172669,70.19327308072126,56.865877875499415,757.777258991671,96.18346255236375,1.777916193113907,80.320417707902,0.39117734708722685,9
44,Node_5,537.2822440185356,62.241053173461495,70.673431345459,60.773793805755595,897.4892596912816,95.23574138057067,3.4824790248217665,88.63440989559703,0.3632169257516438,10
45,Node_7,963.9660609593557,7.5935379204913565,21.109059859594847,8.466392579379264,941.0676496850307,98.99516056554702,1.3650624014905923,25.440864663330263,0.9084825378905,1
45,Node_5,882.3462308171971,22.627035461378192,35.11973039287969,9.890186334102076,932.4162147339493,98.70837733497754,1.5868843943922264,16.957171341209378,0.8273590374530256,2
45,Node_2,226.9095707248622,36.15003553190246,46.65003136218978,16.402400255468873,761.8532018485314,98.20272267925954,3.5092585996237835,35.97988347948815,0.5194727058252183,3
45,Node_3,217.4876949450753,34.763963763903476,48.02882758823864,37.22678800111439,740.9876689711912,98.04562092297496,1.949663411926323,28.1912026625904,0.4898667796558704,4
45,Node_9,665.3871819631391,72.47320751336555,61.88199174131853,54.01956907518893,814.4146377025663,96.08557310886036,1.0659783658564699,70.8659795769323,0.43774847994825256,5
45,Node_10,184.56009234306214,52.98629566928881,30.687598939064276,31.90286460232253,502.31110277760416,97.05190730076399,2.3664660869345773,21.862245550181537,0.41224489547716714,6
45,Node_8,503.1636792406969,74.80390371891666,75.27768096525314,44.60601017115086,735.850584701276,95.74646198819232,3.6616146268678444,63.43944883791512,0.34788283378916074,7
45,Node_1,488.2848276165572,62.47649001536107,89.33008541506848,64.76506723946883,727.473788592956,96.43767636152467,4.419546576098933,82.74615490286448,0.3073833399005399,8
46,Node_3,998.6640883652844,15.75945734532234,10.736093490316268,16.12569154226442,860.679925224551,98.80917907664399,1.0927811137957884,10.972906326329195,0.8912649849154916,1
46,Node_4,989.0401345136593,8.187922836868246,31.00671471429516,17.143983268393974,734.7986591244863,99.88091894341053,1.6727936300727106,19.66563079135462,0.8678676064463533,2
46,Node_2,866.1819350748414,8.440357498467156,39.28975874912642,13.455172442024569,870.2717361868677,98.18658290554127,0.98072599681526,9.47082594455424,0.8314797617416925,3
46,Node_9,877.7250393407162,13.286264924371633,35.61019422442904,18.403215477896417,894.7719612433169,98.48452688265583,0.6416728664236941,19.097148528389262,0.8267056907067046,4
46,Node_6,705.134852083623,20.295079724231925,27.72288525581867,18.273494528491568,780.7626655876498,98.96387250750209,0.19566463204231743,16.856182178343364,0.7695978330044373,5
46,Node_5,162.24689911648085,27.31896765381005,60.30296139212607,13.79110840156965,552.930717137146,96.79206053343094,2.0204937594560275,41.48980304064304,0.45808479399937335,6
46,Node_10,236.0499232808214,57.151056714309995,45.482626021243675,39.691788585987,711.3538511590924,96.01982228349674,2.4896062643763903,59.3374586184701,0.3753687630567692,7
46,Node_7,363.1728091692826,73.2077069854098,85.56736726292844,56.93326648515734,620.7464200784167,98.36027991616146,2.581633738243748,60.19973996848773,0.3207189426129495,8
47,Node_8,950.1248354467208,18.675654192137216,17.964979423099535,11.903520675916514,882.2041127566928,99.46036199799084,1.5290406648788293,14.385358031776263,0.8810622769859007,1
47,Node_10,880.6580775615515,16.310176476078574,15.958228417977908,12.908224757250844,747.3834235429458,98.7828019019373,0.9898949266291861,8.438871082297446,0.8401953475449513,2
47,Node_6,708.4363734090009,16.584614579270703,21.07505751487524,9.804220816918704,730.0790411379185,98.91466654912665,0.850129010870889,9.64504660760553,0.7920388851914969,3
47,Node_7,232.6039548536884,21.512801027406084,58.35187485851347,28.62019396349974,767.9242637431375,98.59872478292591,3.853647314997244,42.149814376323945,0.516579034377203,4
47,Node_3,201.5554523091701,27.810481832691835,41.37039331021299,22.10203745350097,420.7451432302239,98.99035130610675,3.3954868827110065,40.650584155774055,0.4836066227708738,5
47,Node_2,329.7991130200439,89.26386023902137,69.84339414453635,70.02422941112162,607.2848413094956,96.46121180962741,1.606643108443635,75.38622237896206,0.2303291844762111,6
48,Node_9,882.6476360244352,11.708649812903525,14.836967400601406,15.200878636573156,773.6508179838547,99.90774200892184,1.7163820918838537,16.449112640876915,0.8629515813550797,1
48,Node_4,973.3522772075003,11.326235689016324,10.577754737954873,14.814240854415885,742.4422857019472,98.48483834474852,1.350464468402939,28.769757886546635,0.858249293563956,2
48,Node_10,951.3963241468049,25.72583619897331,38.16669971690696,12.351596294096462,903.2198148654605,98.49092085995899,0.2878132075877744,14.972446165629814,0.8358000043175964,3
48,Node_3,775.2100208705982,20.99714219351946,24.36993943487272,12.06750439828203,780.3465896305606,99.04184802956902,1.0530684607992122,14.101718607224898,0.7985525650838805,4
48,Node_8,535.8056863163536,66.26892105591142,65.837846829991,36.97775549394685,831.0653903095028,95.77763971512027,1.4434057308621124,77.88688631132968,0.4336214117550976,5
48,Node_5,172.80588836355827,45.364935734491226,65.92721927247528,24.92417837368901,480.08370988358615,97.70201688740947,2.0783906992549848,51.810860265404386,0.3913643021084928,6
48,Node_2,481.35237089441983,65.89788199071414,88.13489299479527,79.74163753953695,537.638269647025,95.53467881839174,2.7823142805874417,77.30006787633009,0.23909413696279835,7
48,Node_7,322.1728662848979,88.06928365158319,85.22766410733911,48.14383331872402,669.3305201616574,95.24525749630588,3.54039493893033,83.14813614895714,0.21776801956277922,8
49,Node_10,886.0509677790265,5.636670103829809,31.141596467822396,12.755931072272066,943.3558754675475,98.25063713160304,1.6744093329295116,16.55917753256075,0.8574000074522755,1
49,Node_1,828.5802275499162,22.393942703872213,26.404334434571737,19.016726247233244,933.0973843517961,98.11705998411551,0.7202056501257421,14.95008639310453,0.8036522014610958,2
49,Node_4,167.8101751275309,31.172462078047815,44.57007945362591,29.240724515468532,478.38404216041454,98.93275158731083,3.872075438918557,49.811214176473186,0.44708424996640905,3
49,Node_2,230.32906268514478,49.00170026615167,32.87841467207668,39.37160506939672,593.4112933982656,97.59121403634809,1.4700710555206935,32.80586158600208,0.4449908176436674,4
49,Node_5,363.79213534257417,63.97855952247627,70.56145600199997,31.992040998097387,734.3981168205706,98.47305767017636,1.2386563030851399,69.16820085246802,0.4396848349156951,5
49,Node_8,216.86914560553765,31.972522501153403,40.25082986599503,32.8481244510581,442.2619890710117,96.96890829028017,3.2309235577188247,48.41903387787003,0.41900583601691,6
49,Node_7,154.07156832570664,57.39129673734551,59.14307029314974,13.093858567322396,624.3469684299615,97.92842469320013,2.870638172665233,40.678513459821744,0.4184100984044005,7
49,Node_6,495.7805518144907,68.96829882877475,65.50006128761692,41.7932880998855,565.9876820141479,98.54199507810833,2.0687928516420206,88.22714780000396,0.4064048965677803,8
49,Node_9,487.776821003203,80.4498578219067,87.42859582044385,44.84901573672101,630.3082243148413,98.94331503960429,1.217653753699428,87.05105138563928,0.3730562065187545,9
50,Node_10,991.1204651639998,6.988558829849394,18.481492843354502,9.418072328019065,842.2393605824928,99.56220231270242,1.7029262849176068,20.362865098025146,0.9130628506609328,1
50,Node_2,924.3030497653729,15.582058735420278,20.536507049794814,5.311574500888331,971.2787160743217,99.21449010935628,0.46326848619212546,16.953574562701235,0.9098929624004066,2
50,Node_1,940.4978330420656,25.8370986907682,13.5263096873561,15.690187360874516,708.5080940481372,99.80473613846124,0.21140220984257363,26.232575316538828,0.8449815358708895,3
50,Node_9,794.025629158547,13.76113159747954,30.326414249760948,8.362242705421002,886.2399685284333,98.33882268989396,0.49022043317373765,6.433214062947306,0.8333012266236198,4
50,Node_8,244.63660685900808,28.691576399582644,30.460169938186375,31.684537041142914,670.5227163565073,98.82600646920451,1.394393816493622,26.89519605143788,0.5540839139845174,5
50,Node_6,152.90929366952633,38.51525078283273,32.249947241891654,24.119017069552076,756.991241616083,98.83332831464992,2.603843732486205,20.654380059640513,0.5255980141814547,6
50,Node_4,242.1046577998415,25.764755149140683,57.8004725624385,26.94204781419837,623.8823331943676,97.75288566801042,3.6161322345249016,36.62908684810265,0.47833332769105097,7
50,Node_3,530.9893219379089,82.74996819550366,73.73185895846007,24.752375978093728,576.8729971878117,96.32950667901024,3.0739138180086343,78.35886628933729,0.362346875886937,8
51,Node_1,897.820004327688,11.732459212966056,31.86244393135211,14.892542628599303,954.2272791588592,99.16222679925735,1.4663412548057089,21.06485605677907,0.8615699238228449,1
51,Node_6,743.6313621037257,17.284651199594155,25.400365021196315,8.539075755252002,971.3859497185217,98.09393536645197,1.705984412976936,27.554679960915895,0.80267813386123,2
51,Node_9,190.20830479732334,50.0650839359207,50.86978911771419,16.194957215980118,678.6841531043851,98.50756309596139,1.9304150757151057,23.74454883631156,0.4883169124162975,3
51,Node_4,166.13096180071335,29.652321566419843,41.45497162975035,26.727730398391238,654.5136595331942,97.5618148939421,3.89255688610469,22.29267173154806,0.47593523188553993,4
51,Node_7,634.1337263359653,76.35407277341115,75.1959002755027,25.49009961891747,694.2015344866282,98.35010081331558,4.139153777014227,71.17714618700917,0.45520978515468785,5
51,Node_10,187.24951371824267,38.38655788455588,66.33925750941499,15.088609424357283,733.1908501301518,96.04289332031047,2.1376247232119288,34.66281036484983,0.4479764228803254,6
51,Node_8,641.581743109008,73.74365587856695,81.57824491292749,60.55808313762089,759.1428971839123,97.29846473206908,1.4295950131176993,87.1955638408802,0.3929530128463199,7
51,Node_5,422.46202225442187,82.09901524733301,86.60331787606893,63.18046218475507,797.8329730815699,95.41994694721785,1.9405757890888138,63.60362890459356,0.27886767220429276,8
52,Node_8,918.3124416410744,10.613997047955646,31.173291551168855,17.034658137523227,925.2633455274039,98.5967821700828,1.2221487403062743,14.324593932161154,0.8563752488150161,1
52,Node_3,865.4187308202645,16.51490106069442,31.831844788232317,15.172869381720465,922.2226399355633,98.86418649194978,1.0432938931403601,15.158918498115332,0.8376361542976988,2
52,Node_4,246.97374690506513,20.128538381042162,63.47095121702334,16.235444951980313,526.6736379072214,97.87631176738336,2.1588806148670514,48.72458567661999,0.5006557533981515,3
52,Node_7,194.00464367754392,34.20416716887921,50.520096705703075,27.449837846688553,584.6210020748401,96.79610681974944,1.7774390674870593,38.072886798257805,0.44620854191541753,4
52,Node_6,658.4119524693108,83.1398436244973,85.91217234970611,35.603446638480385,779.1338631777045,98.239352387185,1.5754588782720593,84.36247143413169,0.4435043998334669,5
52,Node_9,206.72632349239552,45.68270350293876,30.65088059177656,21.56320112641214,427.9314571592747,97.37017300794467,2.4621846031333945,35.070051209791814,0.44103146317525527,6
52,Node_5,643.9470810468023,81.79406027963032,64.59480349529184,39.16835456167398,704.5109325783809,96.08200717452483,1.7603027207164401,61.60032064626445,0.4172070464198305,7
52,Node_2,630.9543936432019,67.98234207307061,75.21587048160185,74.64072336278215,707.7866263752679,96.50051822698927,4.030835652151827,78.09643910332281,0.33711593282324287,8
53,Node_6,891.5317459787925,7.891557137387604,30.846368270045296,17.553808249122675,851.3793507705229,98.93370899748285,0.01525604021482141,26.53583980148868,0.8540658259725481,1
53,Node_8,235.17360376837945,22.79769164501606,34.08846581253287,17.95117589620277,598.3549268670247,98.90895692083072,1.8735160757050335,30.659791864479065,0.5702325555458,2
53,Node_5,179.7870449161402,58.092212584183386,59.808914287516394,14.139903704898924,646.5113414888594,98.93802123577039,1.2276097928106142,52.972297037962306,0.45455769736812623,3
53,Node_1,687.5367698696652,63.143152863585186,85.17077666043585,36.40071117144892,521.568411999193,97.37425602534731,1.9406142837792113,83.19154890803634,0.43213338904082993,4
53,Node_4,190.57099688825716,59.65805754005521,47.613151075695214,28.543097863465327,797.8236899623294,97.0226531591485,2.3562300998621937,57.0092239602585,0.4138943227863252,5
53,Node_3,587.6253590070346,80.83330349488801,84.03808932605477,32.483848737694785,554.2402509436426,97.17341171054817,2.8105737599971277,84.22377248946711,0.36647372543225126,6
53,Node_7,355.88158366286615,68.06236704304503,68.77239721849095,79.72056791230685,780.9270291767936,95.32834456642405,1.6909093293141058,81.2781412010249,0.26880188302720487,7
54,Node_6,769.7692757920346,5.184548203396198,25.21826097971067,11.97152547598792,962.2274763364644,99.28306425583642,1.0880918511275883,12.78641739882699,0.866830195309141,1
54,Node_5,937.7595612354173,25.081575403499457,14.023570735841357,8.162597999297454,775.6763133287388,98.05780698773195,1.2303400633194643,16.94859168048118,0.8315579582151875,2
54,Node_9,240.51233728073763,27.297768925291052,62.90128414392355,32.24236438337984,603.5036728271384,98.5040052717099,1.2642496631283586,25.58485037132137,0.49878813286515294,3
54,Node_10,180.3673200447183,27.34833790725991,61.7871536880257,26.305625419261983,609.6808219250124,98.16098737411373,3.786070802898292,37.14957613893174,0.4577610569668975,4
54,Node_4,194.70348921131642,42.5983126363124,64.78307481208086,17.01937158797839,737.4161377968901,97.07319435321268,2.2279900347395407,51.32009179071238,0.4499237575862245,5
54,Node_1,179.97532613098025,47.97283657900981,42.752215766610746,34.90729624774477,735.7480167012934,97.13528661739815,2.7989097659428213,35.72851787117096,0.4295685524229308,6
54,Node_3,362.8126810604882,60.874793685775145,65.61486136789219,61.2748448293202,744.2386332791298,96.23546708075025,3.199941387823862,79.69725014891716,0.32535360893601933,7
54,Node_8,414.219407164862,82.15651423767352,68.71938196885905,42.93051352928582,565.8830877518835,95.63594437783857,1.797952677578348,83.22584989278076,0.2954917301860765,8
55,Node_6,754.4474506848183,5.970431873959299,37.99109925774316,6.107562737209097,913.023798654827,99.34684131834503,0.9569577561248266,24.042051210528875,0.8447227416104393,1
55,Node_7,897.5239847417879,24.290612878886574,17.15792908407014,5.703061814511898,805.7298466583102,98.50271418557313,1.7022044350283636,25.158200404574835,0.8277677568483263,2
55,Node_9,190.37096887608482,26.546611706455696,61.35555957869013,26.242337190167213,745.1488512223125,97.9943344579831,1.3632109233930771,41.18717722681731,0.5042179648231986,3
55,Node_4,186.752595306314,29.65036268782622,30.450044633037443,13.664109846016766,451.81331042056974,96.35033683834259,1.8294950384977116,26.801361078083286,0.48166405475962193,4
55,Node_2,184.29783679278688,21.78432224065584,37.95371599656847,14.264558754410096,501.35688087304845,96.52065826004046,3.2992583546778986,41.84090564249031,0.4764925347346075,5
55,Node_10,206.57112202190285,23.655597636725968,47.20323215353491,15.602337289788466,420.6648734210681,96.65452360660694,2.8970783498628125,30.427147851221793,0.4638751319948742,6
55,Node_1,205.141304460745,42.723605666833535,57.25330737122096,29.783777655295793,628.2935360002954,98.22963014727306,3.1344186126560563,31.9520808214652,0.4430654548174281,7
55,Node_8,164.35430189014397,29.072385978493944,47.05807899759226,34.84885620598281,709.3129186404196,96.09201023954854,3.7447587505615907,22.527243579403653,0.4345691055951871,8
55,Node_5,242.4444564115576,47.52319108914804,59.393945939833,37.597646696078755,442.0515510440021,97.31822750685355,1.8029015855890411,40.17084892877712,0.38393896414957074,9
55,Node_3,513.2532851225403,67.45954410797435,87.33082262303449,76.74908697337496,529.6587983081299,96.06245678541069,1.1699722627079847,89.30389167886243,0.2701556074905627,10
56,Node_10,809.6395427038609,16.71287784553695,17.38914927366441,15.504006464831887,941.5743294196786,99.37201676904036,1.9435597983923187,5.55410283318999,0.8488083189654155,1
56,Node_1,796.0714102145733,16.294305244242004,14.961583199001565,10.330398606503264,951.4535744206996,99.21417316832687,1.8291620796812695,29.645140570767005,0.8456009640722781,2
56,Node_2,703.6857363430362,5.808222481700128,25.67132974322091,7.094795762868506,990.4033881392121,98.68706488060091,1.4091186789611698,17.728421420336176,0.8430950089321685,3
56,Node_3,773.4869971364865,18.95814842632472,29.923934554044294,8.36333221730828,946.3450813135155,99.23438373306521,1.0256614534700577,14.733369684832773,0.8345111772617464,4
56,Node_4,878.0038186659203,26.339412397302077,38.17361896902051,15.001489834650696,882.2324906006664,99.06024337380336,1.032937969665015,11.452763197658587,0.8111339531356696,5
56,Node_8,169.62638954424546,36.79073079306212,34.802886156131436,30.682913268624937,563.9298189219231,98.6907610350145,1.5742483147160826,23.992550719202903,0.4911681180747419,6
56,Node_9,201.52230057830644,52.228838657276555,31.607305583151547,21.75756679695486,646.7850632462737,98.50016555787556,3.9049429207709516,59.0551411958072,0.45477749050924254,7
56,Node_7,425.55759715703164,77.6309921785688,79.83686758280008,45.61029649445559,890.0468036557893,97.66914979960222,2.184344179727118,87.75485470977627,0.3777528857558072,8
56,Node_6,624.4373541012844,84.38304133690423,84.19101898619456,41.79801568499869,621.646003411706,96.38369436963333,4.176938499918658,83.40838853810557,0.33222076628431246,9
57,Node_2,745.4378830035107,18.35723178710269,36.79338215308903,6.741039976159655,975.9297587010507,99.86082820331163,0.3824233804976216,14.95602316112077,0.846481255285653,1
57,Node_6,738.6563745267796,16.597178506907415,30.950904552358754,15.637213601767543,908.1103735718534,99.35065583685659,1.0932850061175263,6.041829640035558,0.8143565174860178,2
57,Node_7,869.6313591898916,23.14374291841872,38.48392970917678,8.766640424748696,803.4503800808003,99.40735226053086,1.153622723703858,28.689197022108857,0.8110207499450558,3
57,Node_4,166.4501419790331,26.35189214215532,59.35902074258942,33.42650031136594,658.7899771070191,96.60590813844635,3.3198557991225446,44.83711162553682,0.4223774859642131,4
57,Node_9,218.65615262749637,25.275410777769125,65.17776969151811,31.175202752005095,419.95608066417935,96.3650551987944,1.497126438543532,43.621475369618814,0.4107804342122151,5
57,Node_8,160.89926540847048,55.38392965116909,45.23792701020615,16.635375156857332,413.278320803016,97.05785057606933,2.3387434293798153,37.00216357188065,0.3898376663558844,6
57,Node_3,217.75831003899071,58.886133455506005,45.3617247406912,18.640913221601114,400.41517575719786,96.63520150858648,2.6191608688265,42.53800735970524,0.3772068649838013,7
57,Node_1,475.66936188226634,85.29280670624298,76.45621709802509,55.89397995917491,829.8598471860353,96.82294048730557,3.29083362115731,85.71653986997023,0.32141716913365803,8
57,Node_5,357.41844512425007,76.03897780899786,85.45180938390101,37.54477021026568,562.0765051623684,95.81180777346205,2.7300849531131433,67.41353411806016,0.28551029754147084,9
58,Node_3,707.7825517831852,24.687778905670587,38.38429914271488,18.28575073820322,756.1833656845192,98.855214545286,0.22497174941506226,17.932557445315734,0.7400597049672972,1
58,Node_8,248.45275395342736,31.45241121219055,32.915885438628585,24.786454194431208,797.9008975938511,96.59632201590208,3.8725894488257735,20.234568001787416,0.5152896880894797,2
58,Node_7,321.04487212480444,84.0427251751403,80.91835318633085,20.12788679042314,749.5203299753377,98.09341133805333,1.3259533000339276,65.78054877414468,0.3899422484637995,3
58,Node_1,574.0634743937501,85.49709909315982,84.66439621934461,60.431025418794555,659.8761250437773,97.82761272546824,2.987296466494669,64.39310921986993,0.33560511546459215,4
58,Node_6,466.62281365209003,84.69524631919568,80.9484783080347,66.95074662520526,791.7719660279881,98.61181355870156,3.438731594223865,80.73263213724053,0.3232226303299043,5
59,Node_10,910.0162063979446,10.867627626357244,28.22569472697636,12.00523726304542,849.1286087793982,98.53383280418504,0.8328552563351779,26.037542794646832,0.8506880842148243,1
59,Node_2,797.1959918806099,24.82110339981212,24.043475501345927,13.705858362915126,761.5471470997395,99.1258428041935,0.6180258624254902,9.176566400019796,0.7989267363965238,2
59,Node_4,730.1843490642862,28.496231243928058,28.31160198078729,11.675907840507598,729.7218450829945,98.84871747834612,1.408699792670022,21.615773645530304,0.7452060498364447,3
59,Node_5,202.6194787591694,23.29492603995935,68.09187122921682,10.130380300208257,744.1823897290622,97.29748810307258,3.01396658983298,57.13140800992874,0.4991863543753717,4
59,Node_7,631.873929819986,63.7470120976682,66.20765089218608,74.500510173793,756.3078135809021,98.02276502758059,1.7925178953824155,62.44743510696891,0.42793277401642565,5
59,Node_3,628.5026634467032,89.9270676162541,81.06973663910912,21.548059825100996,750.8413309779007,95.80339486776508,3.0440950324023373,89.46209473500517,0.3833233042581344,6
59,Node_1,549.4551976609296,84.4208058837417,85.47986781526758,56.3824608028055,665.0332109240733,98.68761104183429,2.148813636362561,73.68753703529758,0.3595197733969326,7
60,Node_2,816.9480651600213,27.36180059357556,15.573886222135682,14.43254710238188,842.3735597704278,99.23205040309959,0.8455868711504502,15.405341889700209,0.8177602186164632,1
60,Node_5,744.3365271869105,13.821862882378475,22.280688797131184,14.58929517568654,718.1015104063919,99.42903291648408,0.8380070989701731,20.65408081507927,0.7993695717537372,2
60,Node_1,793.4791925721718,18.418535756269684,27.71473666195375,17.364925452934145,873.7430594159356,98.92370439069728,1.607378973159383,28.169388276850057,0.7944264612428955,3
60,Node_7,155.856539035425,31.260694644209018,49.7566484787386,29.069341325906077,768.9688394238108,97.99092568287587,2.6097048039874697,53.50962389092243,0.4775905939657947,4
60,Node_3,374.5176421957885,66.62009297511389,61.67278123440379,49.09440597547457,737.9608728356744,97.44902997195231,3.961509644206101,88.1225571809131,0.3560546888737135,5
60,Node_9,590.7532854058576,63.75635012636204,80.04535755720877,61.8133305208016,654.0955357299858,95.88650129626798,2.457424480377784,67.7808880174232,0.355194098077386,6
60,Node_8,465.1672731768512,84.19533135024112,73.42425317477638,42.50197886318388,511.00948276826347,97.39717287986198,1.968995779262817,62.623368441695284,0.3359035520410204,7
60,Node_4,369.12868462811673,88.53261438998032,83.08300131803291,37.561428542055936,670.7977120461038,96.97546938645854,3.243267565919103,64.98377628955257,0.30153867115966887,8
61,Node_3,935.855898417742,7.046839394011352,28.20303822676314,7.277400765654561,852.485069592793,98.70026911615645,0.5527432969704784,9.058197582070141,0.8919626361101018,1
61,Node_2,910.0972009456408,15.99188706451255,15.679498927830906,6.602929874576139,859.5303419175112,98.12459847106001,0.22949431831227018,21.02753676236469,0.8681765806222803,2
61,Node_8,979.5580127658243,17.327267834842473,28.028520579772103,8.181668601306729,816.0633632549908,98.02995133335182,1.7252237786270994,9.751299369273923,0.8480798257594176,3
61,Node_4,890.7800522934558,27.051926208728396,18.477494231666036,15.4750989573609,885.3622311129024,99.1132007567978,0.12456999421399861,27.721211030557946,0.8383989048312489,4
61,Node_6,707.7813426215074,15.966833988515626,28.97539135256212,6.076774389907556,890.1391258863774,99.94716121247482,1.6866041078923,12.101156635241365,0.8284065710263686,5
61,Node_10,866.8169849874048,25.3481265837854,28.034641941802864,8.233025769996196,947.128671277788,98.68421723099706,1.8683323351811707,18.461447163925968,0.8274878563997565,6
61,Node_7,954.126847548047,29.327791992293907,20.52980618794944,13.457735211811812,756.2690389924614,99.04517463510939,0.5049597925462244,29.629591141015595,0.8246669312634821,7
61,Node_5,702.0917388900041,5.374271945316468,31.883350890280354,8.19019611993037,904.3439921051877,98.28879164440359,0.3057629732163265,24.358226153381608,0.8187023740487034,8
61,Node_9,187.60443124604305,50.63271707446096,60.94576077858229,32.244055751237056,688.7536437462784,96.53085599472412,1.0611703105834094,52.76084874790274,0.3963554330358121,9
62,Node_2,902.6464678099278,5.448606595470288,17.820831607702537,15.675244415864475,766.1443841043001,98.03653744052245,0.12562510995053477,11.413080776346899,0.8577696593573788,1
62,Node_6,798.063790909568,20.923929172204613,32.07125675430194,12.916958942023196,890.2967323373457,98.79755508392884,1.9642750480159554,27.820078510642677,0.7904437623473416,2
62,Node_3,214.14911873077716,33.00189968807251,61.862815458567134,11.68115443856703,463.8028189036754,97.75034424139986,1.921292151851449,28.581798417263546,0.474617583924105,3
62,Node_9,452.5489994358789,69.72737211607057,66.12841451471533,35.28193934621078,570.4311859831834,98.91950847297892,4.312449797214406,68.92353370912834,0.40152507095133183,4
62,Node_10,526.5664538513254,80.12623820972433,82.51640156067353,48.854187386240845,788.7547825120423,97.52281612528766,1.6170521393951938,73.43870865277542,0.3842463689371459,5
62,Node_7,508.50419861909023,84.73867753784694,62.07007476022155,77.09784832936172,764.2652552517218,98.04558518964855,3.6475186776223394,84.0500884830846,0.3182237142691858,6
63,Node_1,835.9842832433333,23.6342010623309,20.80869980409663,5.242627989996498,789.5919168098468,99.20844958855858,0.07884581831011217,5.411040899063978,0.8471187759175306,1
63,Node_7,807.6715798669859,28.388197526105312,26.06406496551588,5.128341144291984,783.1012670221508,98.70861130802457,1.809143650424633,10.46876277311739,0.7911577023622105,2
63,Node_2,705.7833901744862,12.133644215826038,34.53614782862325,15.848907265679822,763.2842842279057,99.26139613950852,1.2932416659103876,25.18201722272185,0.7716832769636993,3
63,Node_8,199.51597317347515,45.98557775786233,40.08566523556252,18.88607479920593,743.0740657957234,96.74735174289889,1.695622935860957,37.334664020956765,0.47839114728597454,4
63,Node_3,239.64259346726553,51.98913950740349,42.18058158528125,23.271762889357003,794.6938416810258,97.8756387852795,2.765255987076324,57.40185892171029,0.47413042545596473,5
63,Node_10,598.6431641338058,66.48327926666413,70.35804586179391,42.58442004301296,755.0515970932323,95.375446570931,1.8930521530069946,78.62859616692094,0.4081149835648903,6
63,Node_4,401.11333733112474,72.24015494085208,75.35790832488608,49.76119908549341,555.3976241910219,97.55235953640162,3.470011597349403,84.71792314066602,0.3109591872989966,7
64,Node_9,946.7777104471243,23.400693957082407,34.66594204475252,6.748215448362432,893.6985549422374,98.22204498138451,1.771661668401166,11.507842371299352,0.8353886486613489,1
64,Node_10,866.7865524107217,29.777917809024807,18.82695743872064,9.979832599989482,826.0428560572187,98.71965244832333,0.5648746431651288,11.704711366085835,0.8229674685477363,2
64,Node_8,855.4759529537465,28.477293899548886,16.01227188098406,14.670403389969398,826.1774994589666,99.05594802725543,0.7338434163766481,22.000682114727695,0.8161918067510843,3
64,Node_1,715.3782739364698,20.070778594165596,10.107862305011281,7.896816530180474,888.2572753938256,98.24869128742094,0.9604205381563993,11.01585807402568,0.81492301894506,4
64,Node_4,869.4888477732948,29.775558187517152,27.1333468398793,12.442080395608619,780.924125162617,98.71785674754382,0.4798429567905651,23.063048709100897,0.7954002943620505,5
64,Node_7,476.80168066325825,70.54714600889233,66.20677616761365,25.795755248214537,680.6072272741479,97.58405011826417,2.364206654260943,75.18073982794131,0.43297433547804054,6
64,Node_2,650.7990945902322,68.52802772685548,78.57323092639844,65.61536548267492,898.5037968098839,96.35371398627143,2.8205075982121715,65.31646883932011,0.4033231044484808,7
65,Node_10,975.3065064021789,13.719339813264126,19.828765048963135,15.992403441692739,956.2691416692475,99.64181795779498,1.7954449707457538,25.19693737114989,0.895866534630329,1
65,Node_8,851.7381314273193,6.673247634139957,31.686850584139446,12.835549154872279,937.4797255245395,99.92219719800627,1.432941186892358,15.576615331646774,0.8801367469417358,2
65,Node_9,187.18775999060873,22.175382681689936,45.27847336788639,14.02897321523455,653.8288327619289,96.26762377221527,3.185918380065301,47.95641320859339,0.48582869010806423,3
65,Node_3,623.8146753248426,71.82704508297144,84.34414188133225,23.99175370577855,666.2463727645832,98.59016779919723,2.287154853974347,65.64798222975016,0.4756987265310679,4
65,Node_5,228.42641550659565,23.322732987389866,64.68657653555404,36.94930061447327,664.3995240225725,97.9137180336657,2.9611569889403655,34.54314466242878,0.46901651796778865,5
65,Node_2,182.1294948351166,47.65979907400031,59.542779650083034,13.52598243261843,461.2557713441783,96.4916451832328,3.6865932682653324,57.94026247291632,0.3727987649163255,6
65,Node_4,361.4677966981364,84.41181013884925,88.14129262199765,79.45052395296662,663.2150129143893,98.21710765012125,3.851184326193634,62.60711062740232,0.23727711885738378,7
66,Node_8,858.3719484242284,12.977602474126282,11.367179066045514,13.179552467460432,783.0681446223175,99.11400361973672,0.4418731308257,12.983104231906452,0.8621337642469987,1
66,Node_6,929.9470748008333,26.533304950564517,35.572600941619726,15.830430410465034,926.2444998012618,99.6005480147352,0.30832837132222846,10.784896329794076,0.8524837152550508,2
66,Node_3,860.6017819797247,18.03722675577867,21.81316502686567,18.62961496362665,874.2076199696932,99.6422834225063,1.0351865833505862,29.184304458564824,0.8383736527941684,3
66,Node_4,836.8323276521621,18.1058486707442,33.34124151182129,5.028183542966582,787.3500840603501,98.53694842041304,1.9432307117934242,17.512930537650927,0.8052319999943715,4
66,Node_10,726.1969884734677,11.777196994005058,17.123459935425366,17.87029060796685,743.1199135173251,99.46413056315241,1.0823553998783655,21.550326962433115,0.800689347436537,5
66,Node_9,729.6261508100376,11.400930932677372,24.505436009781956,11.4095876262048,799.1263815843106,98.02923609032695,0.5250816900634412,16.672318826080122,0.7950912387098911,6
66,Node_2,341.38261648897833,87.6232008757201,85.73543267879482,58.574601986414564,509.01652030167963,96.43361570235308,1.2585628159140065,70.94225714804769,0.22924663755774613,7
67,Node_9,923.5935675305025,18.607551219672338,20.48920816120505,10.750563299014754,859.2467531739779,98.15987633236,1.3990412116880309,7.022342437851121,0.8485490679535085,1
67,Node_8,923.222759280334,16.225110882997306,17.021201230963,19.59044485028606,739.7391299559488,99.18303731852959,0.5400819586241237,16.47939594578184,0.8442765795168417,2
67,Node_6,855.299472664408,8.82409285854968,23.22606268205206,8.261039678911647,801.2683529483841,98.0290835898626,1.4084625541705258,10.710463591833559,0.8384553925399844,3
67,Node_4,814.5323338969617,28.72207426065238,32.3806264034977,10.190509067475407,956.2444977420832,98.12693106917014,1.0815472809678326,23.723705363853245,0.7914371884703144,4
67,Node_2,171.64443212409847,27.104290355836056,35.16212771734012,38.01086153875664,657.0633670526948,98.45363901276555,3.3654326039790323,31.92628277298808,0.48660950592551305,5
67,Node_10,224.010070209403,37.15062166417411,69.63345496151356,11.936244871163899,490.03909427139195,96.69653147646846,2.368494671779138,41.17039766372692,0.4297446405149669,6
67,Node_7,211.78895339527423,59.6224779569028,57.91408886245229,24.235085183503223,450.43883148582006,97.85586244583826,2.007811968661373,55.27981625347317,0.3788187911530233,7
67,Node_1,356.2707802877423,68.36042184443887,71.85096124158515,23.385353590486837,554.239221862856,95.629982246735,1.7804440920178237,73.64172629496218,0.3486684302982389,8
68,Node_6,965.9970755929545,12.271405907482709,22.81095789783049,17.031583918692792,924.6811375805842,99.17678475821735,1.874441137518667,19.89530746271305,0.8782821674561582,1
68,Node_8,928.7795768901999,13.78539172114216,19.388078089033804,19.074381963055526,829.4714206037576,99.05937252069305,1.260625542014578,15.799028810759925,0.8549698995290334,2
68,Node_10,189.29563802835446,51.330409006480494,31.096687124156407,22.25511519553057,667.7650428765514,98.93537623001347,1.3284212998262954,21.179227415825057,0.5120291492143031,3
68,Node_7,618.5208518922088,77.94153900128653,68.51298077779317,26.829202541893817,873.9153225259541,98.7905968588088,2.2413039395229486,74.68362808147543,0.5088132881789558,4
68,Node_5,182.31496137169458,56.88145956501296,35.67426135506115,38.736505506026134,794.7948367326675,98.95851728569605,1.0560079001160667,58.271042372501206,0.46282167960304516,5
68,Node_4,236.5434965536997,21.705400292509353,62.54574678114658,33.8091053706629,419.77194079438374,96.06235219172399,1.1558136911833385,41.14909889356493,0.4204066407335333,6
68,Node_1,326.3295931666159,67.25474635404319,81.90875907960054,27.468649710563586,651.6881959981324,98.88898541579746,2.132612629022824,63.303006251664996,0.40571325804115427,7
69,Node_4,860.3699686139577,15.288934136103641,39.42542547333171,15.17885541283824,845.240027940253,99.12320892971799,0.39104168865311295,15.899908695801916,0.8279150176231755,1
69,Node_7,158.56606236475017,26.28829485075931,54.011014987502946,37.311785934630834,432.2619766214491,98.99462048192231,1.5584828553612604,43.46740878185564,0.4476374826944805,2
69,Node_5,530.5100936221302,88.56095035154107,82.80489156993124,39.01655467500809,876.6267860514945,98.66902657563288,1.331377569375761,84.14519848318801,0.4203909113048927,3
69,Node_6,230.91204338653375,53.550130207231895,43.67043432552717,22.522150145858483,526.5496883378914,96.55799321063523,1.6015548089638565,46.79001206602494,0.41436219253537454,4
69,Node_9,581.2398992760889,76.27016780031349,80.53174062706854,55.43712017635806,899.4266734132627,95.9460660626881,3.2975325572777128,63.15330966484241,0.3731370633199481,5
69,Node_2,674.3367782163923,76.2343092033899,85.30239574476857,56.36758233221268,588.2585021002128,95.0937443773733,2.752952132469186,87.27977689577796,0.31438716578234494,6
70,Node_7,855.4487838626612,9.33039358820908,38.55325778648244,12.10562449634276,948.6854099817649,98.41868060910447,1.900883534407358,7.001422431466002,0.8400214101353148,1
70,Node_2,869.589995807725,24.15107850032474,34.16602820212191,10.49032305605327,965.0382465945033,99.05961648916283,1.0757966446277138,19.614542939675317,0.8365170791617981,2
70,Node_9,809.2785640897929,10.56182766549789,34.61649049677342,19.231948450132556,879.3497077791903,99.15399764874591,1.835819805562634,10.757373228202841,0.8168425285027596,3
70,Node_10,702.9626871175079,15.8270870245909,27.076416838749743,16.60357894280781,990.1177602193652,99.02939612155785,1.344623083757896,22.203229465311342,0.8048140649155746,4
70,Node_8,219.83104228892466,27.98289209423602,40.16609299696018,23.139947676530483,615.2763612095689,98.07226222897627,3.9061719755985203,59.765149661951725,0.48606363070674413,5
70,Node_4,186.93558398500667,32.94449096997886,52.335674629862325,11.42314099496944,428.5337280876062,98.62200857343804,3.701837058368677,40.6363851615582,0.4666634597063137,6
70,Node_1,410.0902782945899,87.67206520180221,69.97247856578875,20.376229979212134,895.4035738793611,98.52114541280228,2.6379819318383957,86.86167644695148,0.4278340719147476,7
70,Node_6,187.9680274493351,53.646466743826046,66.05150745939875,24.239561566903454,625.2168213550306,96.69682458794652,1.2165714310460074,28.347474449450104,0.404124891493983,8
71,Node_10,900.7251319237898,5.675843601288734,13.438299921188593,17.222362617976856,772.7846781402559,99.28919769756828,0.33322767195763836,23.707795440269646,0.8763684101824315,1
71,Node_8,889.2217792112186,19.137606418255096,30.979223605171885,11.672532280997036,955.895211114674,98.63461496948845,1.1759561673754844,19.49171886862797,0.8437732594244236,2
71,Node_4,816.1345065115833,12.499849556665435,32.84437288711642,12.276601165801402,729.2784011866531,98.81722150207686,0.04078212127122227,8.062204047089686,0.818266368909458,3
71,Node_7,708.4604704205402,9.131239446000997,12.649141565180896,6.345832884947155,700.2571653825962,98.95741255839071,1.1877292353176414,24.401254075416773,0.8103685177358388,4
71,Node_1,709.9040957820788,25.116403820017386,35.19585706614173,19.17135931493627,777.4828934729122,98.90877090530557,1.1265873830280093,11.724853872692297,0.740964474746699,5
71,Node_5,199.82604945597586,29.730386849301006,44.666577222763294,16.755443691616552,652.9573856210181,97.55087162752321,2.292255036374669,32.526659887065165,0.5108907916805993,6
71,Node_6,180.02168362976047,55.11335413374984,58.78363186138011,29.892579678525987,663.3605553858371,98.80979665766188,3.2294569542278295,57.8858808438557,0.408514281678169,7
71,Node_3,650.5619040506842,74.30813012549746,89.29355650246264,25.060502150203508,755.7265616599248,95.62176278130956,4.42876825235008,78.38206907648825,0.39634536258800585,8
72,Node_8,865.8438424551218,8.864775423499397,20.89090798736914,14.093569526449421,904.534349898078,99.08425326801218,0.155469302160111,19.21723561268972,0.8786662032405861,1
72,Node_10,753.3802741945258,12.032567999139513,26.461907177094854,5.413410984771646,879.1536832164209,98.2489960936735,1.3474194437545857,12.494095077791224,0.8216636742660343,2
72,Node_4,793.340080362555,14.054470635975854,25.324375298873317,11.457275961024411,727.4846800356202,99.40826941248974,1.2590846299477039,19.64132156208806,0.812424654285773,3
72,Node_9,813.6777909983355,27.835884957247153,39.234734934744566,14.60163192268999,817.6796695156181,98.99843448083693,1.5409892457822763,11.825856793505977,0.7721306700514157,4
72,Node_6,152.6492022984407,21.484098276067158,67.9844879620764,34.718768305637596,406.2140336075977,98.82637927909698,2.911391924020304,32.389348047345074,0.4293083364889137,5
72,Node_5,455.001020373526,61.72569747886103,67.67881819317573,55.21221486285523,804.9905022369207,96.1674487073999,4.27606270470508,82.09041380762507,0.35529009304197257,6
73,Node_1,889.8764176713082,9.063748580592403,36.70377695177237,18.0304192358973,890.8129373445654,99.65507231786204,0.8090323235467274,6.297360074410331,0.8670315277059544,1
73,Node_8,896.6019140972845,16.346760426076433,24.6862176346421,18.310512606219135,785.3030671615146,99.0532691624843,1.5862831550709005,8.168911721207305,0.8287437120941159,2
73,Node_4,737.5575247825067,17.914392390623938,27.448618185864497,15.821383728735029,740.7299676047774,99.91461882351072,0.5602636562715182,20.109885646175748,0.7960308094199292,3
73,Node_2,708.2818533830527,18.226921132270817,37.306979972848694,16.503526371519108,844.0407458785975,98.07759032304968,1.058928525683141,6.948915747113123,0.7563198269277905,4
73,Node_5,199.29278275299686,47.784052686063106,35.89808069802594,14.8330641891218,565.507923570816,98.4133919953752,1.4003418289129748,53.76596776815727,0.485223797887228,5
73,Node_10,238.82691961325156,34.64943510389041,35.6765581332868,23.379426577247397,450.21082392554615,96.1516557613183,2.220585106139649,53.59211376049129,0.43602096490399767,6
73,Node_6,173.22754732735032,56.705988158354906,63.536738728282124,12.935148321026205,704.6915740254075,96.80859299750007,1.5760078909223565,20.822349040410067,0.43505108554252164,7
73,Node_3,552.9122109331526,63.96962958282235,84.61421298276728,51.43563579970447,839.6522957889642,97.1249165584185,2.0739542508834345,70.70729871949288,0.4171564048052695,8
73,Node_7,306.8665479195086,77.78680870832746,85.78642391132588,33.70018510927876,636.8664655806451,95.95857833962663,3.202310524888749,62.453174739730606,0.28828884146976763,9
74,Node_5,932.7010473294749,28.664430145871048,12.057260721127424,14.437687420198412,750.2453641672898,99.38730203509358,0.6428049510771678,27.33889656518771,0.8345529936527675,1
74,Node_6,901.8485708599843,28.60277483069687,32.12358845318799,12.020878077709494,742.2356929634966,99.14025615008262,1.1282092402441573,15.995449902635956,0.801042591151539,2
74,Node_1,211.46551587083107,25.391284219610117,52.58894862740359,22.65116795221566,405.575657607014,98.9904077492204,1.380267928014901,53.371952835418185,0.487171601517607,3
74,Node_10,181.06279165861247,43.124675407219016,51.42629500152097,15.329707694139604,636.361477256065,97.84731085118234,2.82133458588677,34.015290795960794,0.4673605017919815,4
74,Node_2,379.40795825421543,80.66450888395892,71.85351000918322,29.442076327761917,779.7194839426893,98.5452093218285,2.4073029219514455,81.72187088032446,0.400763404768805,5
74,Node_3,227.0047045548347,47.51775181042876,64.61321599457013,39.99763445345491,515.0792072691551,98.94571990628148,2.4838380142292817,57.97231366102834,0.39636022550289246,6
74,Node_4,599.6932500923033,71.60250134037767,85.15660171932953,64.37603184159013,623.2833513348295,98.88901244207479,2.455537679527099,86.88901888174756,0.3730451707712949,7
74,Node_8,340.1349216940922,64.6765298425752,71.39652022251052,35.34354998305864,710.6874104724183,96.00296675267143,2.8009306236183305,63.416225986015064,0.35803468892435414,8
74,Node_9,369.20175255565465,78.52860653671925,69.81582867513885,62.771586048395406,679.6660656537193,96.48351512275757,4.21930166927697,62.913274097861766,0.27298265878233635,9
75,Node_4,879.5837070324337,10.493206555954181,22.117372699235226,9.86671288956685,955.1329164210115,98.4936678124396,0.7846383488077153,16.904982665549817,0.877399008637067,1
75,Node_9,868.3508054670056,9.393758811490203,37.0980538401207,11.695392559160371,876.4973723198971,99.28762007173594,0.8421407914229593,23.249005409466708,0.8530124043098201,2
75,Node_2,932.3864959045975,23.072180602005965,11.04690621446586,14.487271560513824,876.5149898495788,98.25582696424021,1.8678268122933128,12.34718329849331,0.8425505614953476,3
75,Node_8,770.33140162563,26.756389808144377,19.973256107377964,14.785029184014006,925.0301327014193,99.38242800662668,0.32988348932243583,9.179663248969792,0.8253517179268886,4
75,Node_6,729.7794570367139,19.36165629511866,28.845745611339424,7.254969622291251,784.6244878340927,99.74155857619914,0.7271356714930333,14.922133445140432,0.8111084247963899,5
75,Node_1,821.0122355355747,27.069913680649815,33.15905355836543,17.278423965062494,813.3220910711735,98.98206128917222,0.34030860413688324,22.594664628922423,0.7830816002737816,6
75,Node_10,566.379306393158,74.34474384477637,70.8297050781947,27.87060315294748,758.3814642306243,98.39541020424464,3.505260113919038,68.51619840841566,0.4609711090022003,7
75,Node_5,581.2843485063538,89.12784749994054,69.27763137810956,45.34456056749684,625.6850442521775,97.79550412240266,2.272033029191568,62.41579853205291,0.3808594245746264,8
75,Node_7,422.27181089303053,71.06503921764434,81.23746377538035,49.754478446435705,628.9747179116536,95.09473617986865,4.478186893517439,86.49854551164974,0.2641513005155374,9
76,Node_1,757.9167944456109,5.811028447020587,35.27792815371855,7.402850677608873,838.4898163778184,98.69437233591403,1.4753014308445682,19.60610717394382,0.8186508326258716,1
76,Node_8,758.9385093993744,22.432584017273015,30.407774355387254,11.349861826166975,779.8187144301587,98.29663059610668,1.2998411767713043,5.9449199623283,0.7718023213341385,2
76,Node_7,849.8960212010898,27.810125423602113,36.218887678544945,15.084447672516623,719.9787316256067,98.56960546679224,1.696021878667595,12.69829413736354,0.7581576268595406,3
76,Node_6,230.56322016897414,35.08962582452818,32.92721875062346,33.82807763423031,450.823731117062,97.38043642996254,1.4353294352658414,48.75407740186914,0.45050478260631016,4
76,Node_3,240.0968875430852,34.897485734295344,63.72544158760337,37.84130898273884,500.46904166153143,98.34511322801322,2.9158357503579104,40.263888035398196,0.4245352233830492,5
76,Node_10,663.209312404901,81.25295456903528,80.2030088928255,36.42838488676914,802.6887478957631,95.57222023692901,1.935225958401329,84.12383867572214,0.40163473849795034,6
76,Node_5,684.6710732494231,84.4565374703198,78.60308342057544,53.04735371362289,755.426324413251,95.96344564493894,2.3505416123413254,64.71262962611051,0.37581752087312115,7
76,Node_4,565.0128205123779,67.60247709575816,63.772601226053,69.68638202546717,518.1710479547969,98.1923405816504,3.993639786483439,85.416520877947,0.3423948400633665,8
76,Node_9,390.8571783219803,81.4226891949657,66.35273976982849,63.824057738330005,616.9444834191621,98.55583273433467,3.675301804914355,88.69773472131634,0.2968987312739152,9
77,Node_4,981.6829043871267,10.864889150307548,14.461203260171535,7.678528550020133,955.4318439546423,99.19414315111341,0.8499218732428147,9.797327196222042,0.9362357062159763,1
77,Node_10,927.9276858800247,19.015478471434914,13.618690943862813,8.533338167450687,993.1286100795639,99.25776023012409,1.8722908329694146,6.842150850466787,0.9015080124956552,2
77,Node_8,775.0100577541134,27.34529915250909,11.85450613640841,7.7236811717373355,806.2263306758942,98.32152619165791,0.7619604116647773,25.49586596798232,0.795209794425751,3
77,Node_7,733.6024075222855,6.6573211829643775,39.280914138785846,7.676215174630245,707.4914672754438,98.59610421179067,1.0979333699131313,22.401078017546187,0.7828882226219238,4
77,Node_6,208.65420130114933,44.67286310541435,38.11403548716554,11.68013011054394,593.651726125699,96.0504545371194,1.4084066043984462,28.297382452203696,0.4697743221263719,5
77,Node_1,207.94101341190668,52.97388574453312,44.91758232057689,15.518526805684225,627.1332722597222,98.61260459951386,3.9357392506499322,42.09155856535437,0.4588347717719012,6
77,Node_5,381.0548019443279,62.829849559644636,73.31148136451392,20.33699611735849,580.9843032706797,98.31635357246691,3.700692811962999,65.75541088759256,0.4154778454044582,7
78,Node_8,822.6981716404047,7.718909235492389,38.70592378486538,15.296355832357882,818.5320064481016,99.12821013233567,0.060435127244868436,5.038175956741965,0.8399263321206457,1
78,Node_2,774.8176429381258,9.93573849929125,30.983033688948943,8.548985510497317,718.6139914523698,99.2834687301904,1.2051566119984487,13.027973929948862,0.8154144292281207,2
78,Node_5,755.0025257004147,27.762922274350693,12.7990274699292,15.529989157435729,888.7604106233007,99.56284946886464,1.6417550537258272,6.214861940492293,0.8124266956318086,3
78,Node_10,744.0330872220476,20.36795447270137,23.141704692381083,17.163158924883646,950.4530753260789,99.57490920729492,1.9979807168426562,28.708179863061073,0.8040829662927732,4
78,Node_3,763.4977625263663,19.528649861859293,30.466341703912054,13.434888252128468,752.5573089296565,98.60654643863944,1.5124269495071567,9.94785885847709,0.7725837421081068,5
78,Node_7,248.5681921248231,50.65929631758323,37.85073435443788,37.54849676573849,598.8103050259774,98.25642196185476,1.3202977938417613,42.52289862495791,0.45410788519910533,6
78,Node_4,208.70303498957827,41.35237499864922,59.27943638213159,32.486908324057644,454.1740362836237,98.84776062649644,3.6360475514022124,35.587309888553094,0.41546991294386376,7
78,Node_9,475.54872940922724,62.54965895114725,60.38964366852988,73.69161990761903,719.3073489678766,98.54800529628614,3.617341590980813,72.29594002916974,0.3766786142601352,8
78,Node_6,242.75635501723153,46.8668620277661,68.91687224245018,24.76591005593779,481.6301800307301,96.04004691416952,2.1790933152096867,45.496212815865135,0.3735563006001915,9
78,Node_1,340.4303187912042,64.53316857257921,73.09827513501321,48.71962681147687,673.442704160878,95.94004573293357,2.0559268920969815,60.386441875155136,0.33122335623953325,10
79,Node_7,763.0100528661686,8.916840380781872,16.856332104413145,12.730150724508686,741.4606599934746,99.60516957452619,0.45607548537195,25.629505741632535,0.8344265629274741,1
79,Node_5,226.0549645331775,23.508063202024946,52.4709240692243,16.856429698970903,771.2464807377098,98.22896314842545,1.5020050901180904,42.05083423693195,0.5579345528288948,2
79,Node_4,190.54250702111193,45.82919714377182,64.99687425065663,30.82755533252968,504.9914050519165,97.9177179316332,3.2932931353398294,50.33460110706436,0.3817520489919853,3
79,Node_8,674.2729261043958,60.99701356203376,86.54072625035894,69.89427417520179,557.1383122542477,97.20446124002505,2.221600803920498,73.01893889332746,0.3698926292573937,4
80,Node_6,802.0960649752847,15.822999436071429,20.026602719778275,17.53483026041659,955.4026505648267,98.89721203824544,0.04158770868394468,6.378577465062933,0.8527022566729255,1
80,Node_3,827.7603052919545,8.23031880938191,23.49091393216542,11.22959853509882,758.2167330686059,99.26736300245058,1.6644260816291447,10.558436107336664,0.8409720826482573,2
80,Node_10,787.0220712696891,19.94777748587186,16.727144360819327,15.463406820102088,804.6167146976189,99.57226980968196,1.5778905307170614,22.41560687683117,0.8117137096973578,3
80,Node_9,797.1604981681077,16.02260722813071,25.990434399508402,13.666265134034793,900.0354180754073,98.01080428842737,1.3949065769707703,21.384534784766664,0.8023441749588215,4
80,Node_1,184.6449273780083,30.156456598134778,44.76044341581672,19.64085481998114,591.8022692673238,98.25656420690466,1.26479583003954,43.23703228850634,0.5080845540324956,5
80,Node_5,153.3109856837683,34.89301705773944,46.895998456825446,15.529944877555078,562.2198013399567,98.7187385463314,1.0141198193401808,34.85048057647275,0.5058863984828845,6
80,Node_4,224.80853430712006,39.69183256020121,36.47594534688989,17.813773050147276,401.6988323925441,97.2379321747381,3.9920823892164825,47.59884328371085,0.43030853256691676,7
80,Node_8,211.02973377765915,47.715397753277756,63.55644397915153,21.81015358256363,712.7831101560892,96.26033507778133,2.004920236523666,29.60421556843821,0.4289716333591606,8
80,Node_2,404.5200750113802,70.45706259558493,62.929238928756234,55.7918522634536,516.9868794736386,95.5376264144192,1.1532214672623229,89.02459280445245,0.2934213149617912,9
81,Node_5,782.9729712047879,9.771749773119952,12.11796772735774,14.339884953958851,830.3932395203262,99.96769083885314,1.725787109076644,14.689280968066841,0.8562288146735956,1
81,Node_10,920.7824814341136,16.866192895999653,14.73029803202991,19.269041934453085,946.5157188761042,98.46511004170175,1.708465069354365,15.668408211190487,0.8545514696119361,2
81,Node_9,719.235533441248,11.710699824563466,39.0323222224162,8.731809941402364,777.0212997976906,99.7002824222759,1.1533669035911507,28.264015422686015,0.7957275911593323,3
81,Node_2,841.872516227161,27.791027592599413,22.114011947374124,18.857130768650457,851.5765161072378,98.39937970755604,1.0698879916226383,10.330267918046353,0.7921624014618801,4
81,Node_1,760.7841957659668,27.22374116278461,37.60865277017554,16.8579438360362,999.6298233834038,98.20034851907083,1.1243621527111891,23.626070147657618,0.76829220638574,5
81,Node_7,162.41444310352077,40.22081504033426,59.94531864233079,19.727430892940617,664.4942321470187,97.17438395489872,2.7280624493310675,42.690812610339684,0.43653244364041854,6
81,Node_8,480.2061861542081,66.55090424921181,86.51500349571326,29.131630347121,860.1495128599709,95.2412871242602,2.4240934533115617,67.8341320501075,0.3972945694927273,7
81,Node_4,165.6474710658738,40.997738441266776,61.04859621355368,29.785841775323917,432.8510968703164,96.47412776560677,1.3745428620669138,41.289381265752205,0.37590954763121653,8
81,Node_6,621.6139702462913,87.40544923111254,75.52840797388856,47.28203974392843,645.0466990438237,95.35120386734562,3.748817856046821,71.3375627935047,0.3188177732858587,9
82,Node_6,953.4188859907542,15.949620859626316,26.729243553096367,19.665518811195614,854.3525016210654,98.04636743988193,0.24966529495059353,5.364934073522871,0.8464390904341869,1
82,Node_4,919.1427200358258,11.780622475297873,16.726857116400527,19.172226866631796,774.1735961787854,99.35454149057011,1.9604480460632916,29.363540875974437,0.8420318842744398,2
82,Node_2,911.6946003485709,26.49392778046086,39.51870831962874,5.218151462031631,727.9985724812773,99.81426032093042,0.10125518009904733,24.742730201615633,0.8293426499580241,3
82,Node_8,814.5479830317033,14.784890947153963,27.790807684485962,18.125900018611357,727.3760746526355,98.31434364305949,0.4521326552771565,24.26533687568675,0.7838762995807766,4
82,Node_10,214.84400721284436,34.682780674347896,50.71977624512806,11.664830207121305,740.4666143201036,97.77474713073052,2.164354919167028,25.987459573001818,0.5306461269423206,5
82,Node_1,678.4715040476808,65.52192080910642,85.6691755357997,43.91510176762881,561.9915377619923,95.29066023129526,2.831770082917118,68.90645844636242,0.37276720399153235,6
83,Node_6,901.6919375072197,8.797934544640434,22.500431584103225,7.219179309569691,961.5531180948614,99.48887557469388,1.2306735378664173,26.306716521722713,0.9034143499502693,1
83,Node_3,862.5337456199035,24.467006460373465,30.896696930872228,9.202411160126143,703.6093045093056,99.45339159127448,0.17542988842442964,6.369602169320269,0.8211834150973634,2
83,Node_7,743.1360928231841,5.282070974351706,29.447938145076083,7.519229602080677,766.957051103115,99.27426277907459,1.7113119742342788,28.89778189297809,0.8149288072603877,3
83,Node_8,730.1702157367757,19.441603626089538,12.631335087068987,11.575523337684801,703.5588330754716,98.56349820982354,0.5805262277972616,11.87993523285381,0.7887502686364131,4
83,Node_5,188.66545709850152,20.842852322642635,41.32862323228589,16.746777688631852,639.9042050608163,98.45157549018109,1.6217272248589407,53.78625952692816,0.5424634149429651,5
83,Node_10,154.99503427625467,48.28392398977576,43.25033344698177,13.505434074609534,775.709456918558,98.69759736639298,3.853661646242691,24.25496971379043,0.4978524839857094,6
83,Node_4,354.9579780356289,88.18344102269012,65.67936851027848,30.104987545059426,627.8093438446838,98.19738639275946,2.1763132224765127,71.77403157513126,0.35921651907208363,7
84,Node_3,948.8248422157392,22.916795157881555,10.337236507670793,6.616311737948157,836.3888141309419,99.48251289699034,0.25022053047965676,10.320203528349854,0.8992392619619011,1
84,Node_9,917.7609018591511,10.682390730256706,23.70730064724405,14.006589811844742,725.2128818256355,99.217264204202,1.8263213311573747,14.331176555521981,0.8444811964512314,2
84,Node_6,920.3582692256679,22.62537426799437,28.379113138217946,14.755854954240387,861.5052033706364,99.7383066720207,1.8872347479637055,15.959441411972842,0.8429469385962318,3
84,Node_10,805.3807946713704,17.305478596888364,24.58475880376508,6.2306389852683814,715.6623079371144,98.07169519455873,1.334601640623571,11.246008561287319,0.7951296425474617,4
84,Node_8,538.5038372214105,66.77963650871598,73.54610301538088,75.28626502476229,763.7277271905034,97.04838578709897,3.440663429311186,82.7213086864492,0.33851724598930744,5
84,Node_7,467.44292927094125,68.39797537269129,87.00344102716248,42.19022273276586,559.8224147940905,95.15414006420548,3.4549158838419802,76.01627414377093,0.29626556982907254,6
84,Node_5,313.7549406956236,67.21894436660247,89.68529089214482,56.57420936658329,739.3205904195796,95.15940041263555,1.326531981784215,88.99804252239444,0.26816756024478866,7
85,Node_2,829.7495722946694,25.3559574018729,20.18707133455419,12.733181379484845,858.2357076805323,98.02864043820973,1.3270275041966337,18.070710024384912,0.7956861978059647,1
85,Node_8,700.1854399208115,8.220832483263584,27.815213854148606,18.491147015623596,749.2326937452385,99.15047003811924,0.6389433145942232,14.155079048077353,0.7900487224357571,2
85,Node_10,702.4370222434817,23.808942051295517,24.09772372813472,11.080422165397469,847.7300889097595,98.3900602165127,0.9289765011275826,7.707861168668299,0.777391722784025,3
85,Node_6,242.6467742411685,30.374084194493562,63.76655862843907,29.11620483315322,604.2064847338646,96.65457303625355,3.568502252481117,33.09451667210081,0.43362942974322044,4
86,Node_6,625.2666737841905,64.32680226232817,65.65844756888661,23.97373235882765,612.1489705647792,98.69067470081684,2.784695178278058,79.5846453513178,0.4964383367552919,1
86,Node_5,222.96868733744702,36.69862156475219,47.88782081344618,39.059159442717984,792.3477793059869,98.57993826482408,2.2028305374049086,39.626516204783854,0.493963295573926,2
86,Node_8,157.13024793282398,40.36887302492733,51.47813589242218,32.884283554428805,768.8786859968948,97.76556572818211,3.6650277026430955,38.81205970183608,0.441012121653901,3
86,Node_1,236.31189731400437,57.70964675746593,36.11148440004493,10.882155982683702,533.6743160827323,97.33862724317753,3.056789564110526,59.90783687112324,0.4343075481908189,4
86,Node_3,692.4531258783247,69.7078399117881,73.31890447641192,59.52950430475139,612.5027293178332,98.37645922795123,3.1479084806665467,68.01062041730451,0.41902879480848343,5
86,Node_2,591.0220110049258,84.23653509755015,62.645313841729,73.52798375017147,685.0950390375343,98.76042626249075,3.2557361693866107,76.30442601408332,0.35800463753646666,6
86,Node_10,457.72306504836746,75.73362871858563,67.37358538591687,57.513973215384844,505.93530534470256,98.16001316824331,3.1961027884568907,88.29947864470493,0.31805437987743546,7
87,Node_9,967.7011932862194,5.499043028711904,26.697578122704805,6.570504268808145,863.2990247753432,99.4015843594245,0.44060538663371607,24.616239808152574,0.9158503699937737,1
87,Node_7,967.2475026988061,29.113337195001115,25.00241588711534,7.411804131891002,758.9754262376828,98.13604155091744,1.1635654776012216,11.548746822222279,0.821016483463261,2
87,Node_10,212.0237896704458,30.750171058137617,65.954265550696,38.529509077649436,466.26991020184636,98.34932310765413,2.594102318094473,25.972631748026892,0.4273322288313575,3
87,Node_5,225.44892093593577,41.36958403948851,56.09835777336087,37.293557337844334,499.972144863633,98.16565395535483,3.875853074090355,31.948892561430647,0.4080605282558439,4
87,Node_3,187.49082804680614,38.47426331661355,41.10705961974861,39.007423789252144,552.0206455932744,97.12313473542115,3.10201134686299,55.77157158748176,0.40159001071851935,5
87,Node_4,388.5168613299159,67.09146142441067,65.9569705198972,33.381768727912,613.1608717658307,96.43537702028038,2.580305669320648,81.72629723648747,0.36125837158480406,6
87,Node_2,183.90296507998215,52.257337535440314,47.120754989587404,33.0863683552131,441.20628641133607,96.72639353514725,3.6124838239251433,32.41006954823531,0.35575932355705836,7
87,Node_1,411.59182895157255,69.9322877385582,64.98357650815608,68.15826429731767,825.3187077639623,96.3756249333628,3.437052789544187,78.68137925993676,0.32030763631465337,8
87,Node_6,442.02925323980276,81.55509748858563,76.6588438882222,51.65907047061846,657.2874003174802,95.33863939650237,3.7414020037388243,78.21276906686559,0.26981023192110976,9
88,Node_6,946.220455603493,10.195514913843862,21.652990298011744,6.7651648967370175,723.6544111128445,98.88544859099616,0.565545997849698,23.25676623475428,0.8712723470895875,1
88,Node_2,834.7941152102142,11.687173642260916,10.821689321327014,8.385423451184906,765.2511307787064,99.65366409689622,0.47353599065630214,27.25115424970338,0.868302490155095,2
88,Node_1,971.2194168788001,29.59881729196986,27.450740818930008,15.891734645992873,960.54061568628,99.0731040281864,1.538465184649778,11.77162197280218,0.849483312293028,3
88,Node_5,948.1707634687564,19.20875256041986,37.38148169467165,13.270119924278708,930.4785638313599,98.25582398105388,0.17407048269335856,16.84371115577102,0.8484699214307668,4
88,Node_9,698.8801997009523,73.31642713287783,87.75075675451819,36.383689509498254,845.4228975703702,98.06923995148821,3.833930195383715,87.20083192684011,0.45620102137113616,5
88,Node_3,514.9197671226807,86.15234677615955,75.44214811232048,50.92238509210091,797.1189550379327,98.60275327334111,3.3391645276963873,77.97118171161293,0.37557985445218317,6
89,Node_2,857.3169391771592,7.42672036859197,10.9215293202711,13.064346885705072,852.021787541363,98.66208832815501,1.9885953802771097,14.698373330153931,0.8609972912532837,1
89,Node_1,849.8877400683384,27.637750090194512,14.742638476446388,11.304167518504844,967.6398068799798,98.3961934773692,0.8038639655831747,8.093564212870593,0.8422326231614925,2
89,Node_10,809.3388101874992,23.919765849232835,32.17639549849851,17.825341405604046,974.0141425272509,98.10933651886398,1.7232504666700215,7.208924349802812,0.7910195263624653,3
89,Node_8,741.4550353267514,27.88146742295775,20.057855401983936,6.655852638382052,774.06964850144,98.40960870886741,0.4669770602203078,24.513956058153944,0.7764764826369138,4
89,Node_5,188.1306106032718,55.454465749540006,38.13792422237553,11.16307629612569,580.0955765441755,98.02865209652944,1.1601355615468774,38.941848467264954,0.4749921655557123,5
89,Node_9,158.64077256070746,58.4532360660521,40.66059545938875,28.923210753087865,702.7258854248349,98.80504427942758,3.524912851926817,45.46313215825357,0.43015852206406185,6
89,Node_6,173.8987908927412,47.44939621856843,47.45750271848571,11.230314892461251,432.1010006777252,97.30704403988447,3.7414410369119637,31.256166705544114,0.41640282006213475,7
89,Node_4,173.8932489216575,40.55586965716102,35.74988865498255,31.2290502853652,420.98222919538995,96.44330505397296,3.7161546163674437,36.228143487690005,0.38472002191694377,8
90,Node_3,819.9017713396793,5.238355508436997,27.98441323749561,13.807757023977501,797.9858216775895,99.95990894354077,0.5351698133755591,20.147449388445047,0.8611092061149704,1
90,Node_4,248.08324566068865,22.08998996797763,34.395209656005484,33.489644311161776,506.879750632022,98.09787724974048,2.7959935898332446,44.58726320903746,0.49550115559248165,2
90,Node_1,248.39144995603166,48.62432358439963,59.24587332216858,26.368948570280118,496.6098183179482,97.63503748890217,2.888779673579477,56.99122458695886,0.40101224288722376,3
90,Node_9,449.5496085232355,62.42260016441172,64.94955683158813,35.51188358090165,766.621259241928,95.29579261226198,4.396269875151074,78.96869714769112,0.3717435981973616,4
90,Node_7,461.3198189947407,80.89482838313592,66.5999572224687,51.206427919404724,661.0843883110728,98.62782915401947,4.19378065099912,60.33750306805868,0.3619384238646638,5
90,Node_5,546.3341548238877,81.21770494845626,83.81805466391565,40.413268263856146,602.3342676318896,97.15273450423112,2.6168598129992247,73.10184682483191,0.3542840376986087,6
90,Node_6,426.06820110716217,76.65500723422267,65.15163651973577,31.91659752390008,642.6927100990035,95.71955949325258,2.6333118742783403,85.61477104143752,0.3422892824275504,7
90,Node_8,429.96134653589303,84.98588487357165,60.37981254805644,40.99347382914172,801.0559702562828,95.75838076091745,3.7224627043949,62.24844801963455,0.34192876195932936,8
91,Node_1,855.1919143475345,15.260064151173538,20.685388087002252,15.389172742891368,995.4443158733488,99.7901945264257,1.9524869311333148,5.7458993664864275,0.8779456606029735,1
91,Node_6,889.6256907769939,19.371761321277937,26.861002093266023,11.329234326031697,883.1432960588078,98.0499047689915,1.634722091148534,6.093258982686054,0.8282358920543329,2
91,Node_7,834.8141030038381,28.872780093246885,10.25988317300721,12.641155641085998,925.8504649983324,98.19511968000312,1.4769688595543229,18.13781728841652,0.8149329027227629,3
91,Node_10,860.3793654931322,15.901225932635775,21.09072152312718,16.093103564952955,701.9186389929141,98.08587650151264,0.938568950823313,5.789225799955007,0.8031550897737283,4
91,Node_5,212.60813962226138,34.61196631549021,49.48483635690819,25.488213242396714,649.8561562388144,98.72941576158269,2.72578327844952,52.850178372118194,0.4875329399877277,5
91,Node_8,431.3761194622449,77.65840567502656,74.40569449941702,48.81482174967779,877.1330797111863,97.48842775381515,4.321836017085664,69.60522937633439,0.3626296174862848,6
91,Node_4,637.7827313049509,80.18572156341449,77.88370138416134,74.84984717841333,729.8588366859242,98.21380947955983,3.1728559287776683,68.22748591161782,0.36014811171248984,7
92,Node_5,784.8750223857344,8.652448838338637,19.638579125346148,8.279778971693972,962.850913220886,99.77519465231433,1.3740778512484375,23.723605974046897,0.8786883237013602,1
92,Node_8,916.1815191213668,6.022449640905485,36.45722855538848,6.622873061512482,834.0023474558521,99.74711318126953,1.7137723184733866,23.37659740452754,0.8780567407507791,2
92,Node_10,952.2765521756012,11.907512845001563,28.415016852747737,8.095042121861844,702.2533593945361,98.90339332989448,1.9062133157667822,8.37930441440071,0.8496885048593159,3
92,Node_2,744.6890121826946,8.966064495542195,12.105324122526913,12.436926812501579,793.7150837994134,98.9682800291032,0.24787462526019066,18.716573503095816,0.837647012076804,4
92,Node_9,719.2114076346087,11.089570645972797,20.873442840263053,12.12849099079591,792.3158232029276,98.8699027257955,0.7944834857890706,21.788512878242997,0.8061342426350143,5
92,Node_3,726.2898875318009,13.780701749154929,23.851837655382393,12.451214631724039,806.6703300113801,99.35077289637464,1.2556767253767915,23.165000066910473,0.80438492862204,6
92,Node_7,514.0122362507648,62.157306479696366,62.70263296629054,41.987202687239595,867.2337669645883,95.98829566084268,1.3246775307096685,66.010297149058,0.44863128863125645,7
92,Node_4,307.8815753110584,63.1778114129169,63.123762542685824,38.14704817906774,666.8079694947821,96.80763821264196,2.1620403229070946,65.14774745446043,0.37134699781940655,8
92,Node_6,386.42169400568986,69.77163906930254,72.69946287241989,62.1858141891757,772.8538227914518,95.70364990102016,1.3128722846149485,76.35793312681827,0.316321931781073,9
92,Node_1,598.3900208648577,79.22321130642409,89.51635533741471,61.62938640806927,791.4724334241487,95.14614478673143,3.0901848065009534,71.54074687490122,0.3111463575478653,10
93,Node_8,982.6416758986599,26.445215330264812,27.372521062599482,5.786662154018824,771.0660194619546,98.26414465873705,1.945868632312402,21.27700222073309,0.8228589980187322,1
93,Node_4,796.6631054936031,16.394157677745262,35.21703342699595,12.620864041779594,849.5090229655726,98.95299132561604,0.04884416148265602,21.94549871381143,0.8155095484811239,2
93,Node_5,812.8577145294399,19.450639336592747,10.104050107267893,13.334674805023287,737.139319496084,98.91867447208362,1.8169909621937554,20.771569906260275,0.8067355708316668,3
93,Node_3,236.0391818103576,26.3898045884368,39.010713899898136,12.724283970214305,732.2108882528295,98.51847141192553,2.9094378648549157,52.840657140811295,0.5586091903226986,4
93,Node_6,686.4900243596039,83.75600807007208,86.34297961313223,25.03858429082562,740.656675902008,97.31064326421708,3.638178865129222,80.71183330703181,0.4269397109589185,5
93,Node_10,503.2286014360376,74.64166275477879,83.39837915589044,27.45822824479746,766.0836638007243,96.14914513287566,2.9396694599402156,70.49541884449684,0.3887980720651109,6
94,Node_8,874.8857744845077,6.310473105050841,21.896848419916516,12.647304794801727,910.5800661512636,99.11371124840909,1.2568737757774515,12.700409865163754,0.8826923753193892,1
94,Node_6,770.3898656810314,9.51522355400563,29.797902791878904,11.513947235437502,824.6639776588046,99.9473898668421,0.5058196321973725,28.799460128764434,0.8398553123837946,2
94,Node_10,724.6483595131123,13.02508940411226,13.28238034148388,5.46567393407457,704.6396527733161,98.41000377097176,0.1352081820326927,20.931106191829556,0.8094162324042555,3
94,Node_3,197.79803386142706,40.109326741235805,44.106868514957995,21.60839709355591,788.1080569962445,97.63653195415715,2.9564112276142986,49.9837945315812,0.4861552206056699,4
94,Node_1,240.99741568430693,43.910993070997364,55.24046292256869,15.898329407856071,514.5211679859444,97.776825053356,2.113051139510645,57.20662899933573,0.4488390060667638,5
94,Node_5,183.09484998285086,51.016400116537824,45.96556950156663,10.03772654548347,643.9593165852982,96.17742464285277,2.148278608405591,43.845864892676104,0.4369353776985118,6
94,Node_4,186.68553692532694,51.96335905680486,67.7171469018354,24.17846321904866,445.1979211241346,97.6080796411874,3.558532446648073,21.897559064313356,0.3739346580187486,7
94,Node_9,394.716419623897,78.9603402634842,68.77588298180478,66.60151040635546,793.0633507330856,96.63067102372558,3.277210288988546,88.75626867077955,0.2896571015486359,8
95,Node_3,949.0612502452307,6.435109782394234,37.72990318508626,13.42710788948354,860.3813079886212,99.29276314426627,0.9471914442072769,17.821100988252123,0.8771353522392459,1
95,Node_7,893.440694555416,12.732695723410139,14.50689655687843,11.52033026145938,872.8301657125603,98.83169162529579,1.077167720359835,16.73048547004672,0.8726923899876278,2
95,Node_5,930.3215624146455,8.026134797585703,27.10920451751689,18.00300391590931,758.1818743042012,99.19187362840324,0.6739050286785941,6.574123726274559,0.8624485091258786,3
95,Node_1,711.6489649152849,6.092530765113695,26.390479974605277,18.918613508829836,944.5974882858362,98.68345300971804,1.8016725562647697,24.38993643384305,0.8047957128952942,4
95,Node_4,556.8860923966269,68.81199049091899,64.74027309927834,30.568355373273263,801.4063958700444,97.79717763100724,1.0144755527398424,64.77558331343843,0.49503753368444225,5
95,Node_6,690.1009453893727,86.37581213787367,89.54841165887404,25.04970204474894,704.7595731772094,97.64500498713964,4.360894311627424,79.359641986097,0.41232037913579345,6
95,Node_2,220.08047662367494,50.805680193169025,37.8148818364297,28.247296975306,408.43860458650005,96.08214213401297,2.0022006128155247,30.97205070990362,0.3889004448644038,7
95,Node_9,448.78729666369964,76.11014525548316,72.95761840861431,60.29921639022112,688.0871698900507,98.20045868338063,3.8090763387159026,62.43709660852363,0.3415907998605817,8
95,Node_8,396.14248015487306,87.3045148016372,71.82300033628064,41.728450819732075,809.7901347508293,97.5760791988653,4.327076725306546,79.6839735563412,0.33368530229764526,9
96,Node_1,704.8635332774984,15.324789648054852,23.371066445718505,10.494699823944872,889.306129200506,99.28129830768307,0.5306024071394015,12.197292155754834,0.8252429064055221,1
96,Node_9,752.9781698968769,11.94881170434288,31.618221004808483,9.329602121008419,845.5062924675774,99.38069186199299,0.9732341188910933,23.419401305912036,0.822158584755937,2
96,Node_7,944.7832558385896,28.16228290480024,26.41059411476508,19.38422489512649,820.9579525414117,98.88141282309097,1.1478823969277618,29.96275163661986,0.8063494791843311,3
96,Node_6,631.2774257408671,64.35272239946306,77.582307271578,57.64415902944243,545.3475337564129,98.54375045140446,2.0822254465353387,65.81478322745107,0.4164072747321864,4
96,Node_3,537.8775371347642,67.79698205466374,88.9052078408701,27.966333307603993,785.6217866297272,97.0766203655862,3.5090992222082593,86.00562809608942,0.4132282099186545,5
96,Node_10,503.5000807555433,61.37820960417754,73.53002343138039,44.56167225158683,695.471913761947,95.9349982933088,1.1345262874319872,81.14624608464982,0.3925591236466768,6
96,Node_5,697.7221329833978,83.15479258795153,73.42233688626516,21.55224040926918,568.4685670919378,95.3993805579107,3.7109390484791853,74.17198968162978,0.39050163907252144,7
96,Node_4,525.8676937785157,88.77183261180488,80.9993860777996,63.479760345700576,685.7833345277326,95.57780795725745,2.2890195919693084,85.44882238761167,0.26803092905499765,8
97,Node_9,986.8367929972553,8.37318418117809,22.580285620745066,15.622264695541974,853.7770404605819,98.975776687091,0.12327001439698027,14.751877108313314,0.900372333182933,1
97,Node_5,782.1306077028954,12.689620635700637,19.377282209767813,16.341816538133262,862.1784455279785,99.96247060931759,1.1259663880867565,7.89179046541628,0.8514003816345761,2
97,Node_4,972.6773034704504,29.165718725794758,28.2944282231164,12.998295689856384,758.0144710846,99.93395236090352,1.3160106056413834,22.06671437239713,0.8355506499391756,3
97,Node_1,867.4268762467264,21.192323916951164,36.357959329095465,15.406819297932293,868.2826315785162,99.54423595242494,0.6359644495347594,15.214981092656842,0.8303272928161709,4
97,Node_10,709.7901667905464,23.241163048991506,10.752686833629102,17.239246238896804,880.0338018379889,99.66754239253669,0.9367682124081236,19.03578844853734,0.8096220276524707,5
97,Node_2,862.2638381558443,8.054543851563515,38.99449779032906,13.61174451877824,732.0719884740851,98.67832210519445,1.866663081971771,24.225881776753635,0.8010495658071147,6
97,Node_3,232.96252676358478,47.14801712842967,33.22518839959055,14.038564965907808,556.5393254607338,98.89640453469349,1.2563622246672042,50.173124364839694,0.5125213353167019,7
98,Node_5,924.692794134026,10.370967399214056,27.248481384419705,12.310419283699522,921.3081491066916,98.97541683079635,0.9834833850063929,8.560774438671421,0.8855443945587687,1
98,Node_1,929.0161546821794,26.93795146071379,15.566572451955299,5.265602103500087,767.6023441135361,98.82394118155801,0.7771531832535092,10.117898598629806,0.8511729143231619,2
98,Node_3,933.6976820964145,13.987692784551351,30.98360169851958,16.14395600595875,855.5639300033764,98.40154892595478,0.5560610322281363,10.654720767335158,0.8483488030304582,3
98,Node_7,921.4122710151527,17.11822392447098,30.037831467809248,15.5578616254587,749.4203018423975,99.55621828668643,0.4559010024459924,15.552636463607573,0.8440171730673697,4
98,Node_4,733.9465601498397,24.19354865888378,38.88827522756526,7.074894402045711,779.0589600670596,99.36191192637804,1.380560391315335,19.106963783026174,0.7719557293739019,5
98,Node_2,232.98363065754396,45.528371248315146,32.03997695731318,23.496962806649428,775.489088324355,96.13268837302468,3.3176450269648337,34.2095745611023,0.4681642438651913,6
98,Node_9,662.9252582065706,62.70520210457825,77.07078242033813,32.012549684474166,691.5059850209946,95.6196023398519,2.584468840572631,79.09008384589335,0.43424129896659464,7
98,Node_8,630.9742205074637,79.253519766158,71.05597134465195,47.984648514367244,847.4176193814609,95.30474084466542,3.5698458495639587,82.86387581500051,0.37190400895952913,8
99,Node_5,929.9378134510872,13.24263123948067,12.65458294553513,5.369620213817543,910.0398208698366,99.11516043226587,0.5584419025401437,29.85811730531148,0.9060792153566177,1
99,Node_3,175.00085268848045,31.446941646176562,41.914918190875426,18.642239486475965,658.9042219695789,96.31456884171932,3.1424353344656786,23.57903437345922,0.47258050343204366,2
99,Node_8,154.30808207944432,40.187449396523604,52.548342367700904,18.543622879173967,790.1109738009849,97.23125174802865,3.807923636821263,39.57499614249064,0.4589745356807378,3
99,Node_1,162.98063380699188,53.786163460737214,61.9172541244454,20.222782126327907,676.843156308634,98.98923895060945,1.287497576810109,46.8676089827064,0.4535293385416702,4
99,Node_6,655.4812807035305,66.40731958336865,61.42146715183971,22.557451309364936,543.926216822577,95.31502275998757,2.7727617120215613,62.02812210466216,0.43932615983234047,5
99,Node_2,679.0025681149973,82.98093983855885,89.629502730345,24.382159527098555,592.8498259936376,96.58366253218156,4.012110588327425,83.98939497213587,0.3790526570316835,6
99,Node_4,536.811015100682,75.46343733303456,78.3443708709369,21.474749181021732,606.4975233829583,95.22612191543254,4.267926787624043,88.5899546735046,0.3461915754592434,7
99,Node_7,616.2864791133778,74.6500691863096,61.467901983558285,72.81238830797608,742.8462565316394,95.90354526965258,4.428648934973688,79.54425295517744,0.3281873101788953,8
100,Node_5,770.6343348115581,13.773118123608834,28.410203427411513,7.758041396601305,996.4774173913958,99.2744939535645,1.41177921388962,29.36545616877987,0.8455112853882506,1
100,Node_7,711.9609421140842,10.674307750759482,34.627317273141415,7.162297483737116,888.2144288425609,98.27688507498634,0.826433267448079,28.10130983072,0.7980792155308186,2
100,Node_4,182.24009565891873,33.18471638660586,49.74982772344559,10.202456700676661,786.2841995929379,98.38478488083726,1.8207342760563048,44.87158734944167,0.5418377428068972,3
100,Node_8,155.20643286433548,53.09665702734469,35.88370624074483,36.34319323115584,765.3201961100724,97.58483611809694,1.6088112400760541,31.1930560522244,0.4453562524221502,4
100,Node_6,157.60913108864867,50.11182902288753,51.26669039469233,16.7671170271014,736.9413044636539,97.501134540316,3.9160228611302403,40.84855933236865,0.43773991040272814,5
100,Node_1,163.9256378097839,31.85386691041296,64.60750814583614,14.664646686379928,560.6419675995127,96.76452289998929,2.1663236723341215,47.37725334788035,0.4373511472742859,6
